0.000000,0.000000,0.770844,-0.033176,0.011735,-0.140205,0.989497,0.130451,0.003974,0.366009,0.271269,-0.454255,0.090240,-0.510356,0.005775,-0.271687,0.287395,-0.279372,0.168815,-0.215249,0.081552,0.120023,-0.098828,1.014016,0.323350,-0.150302,0.538533,0.445582,-0.063436,0.540687,0.152385,-0.373797,0.162325,-0.757386,0.159573,-0.264491
0.021090,-0.008720,0.771523,-0.035891,0.017218,-0.125602,0.991282,0.149885,0.014075,0.321144,0.269235,-0.436435,0.069327,-0.479734,0.028591,-0.232042,0.296313,-0.277308,0.152202,-0.232865,0.097871,0.107633,-0.102781,1.036194,0.234514,-0.083297,0.484380,0.430046,-0.130856,0.538077,0.162244,-0.412701,0.136711,-0.742015,0.144548,-0.308205
0.043917,-0.018277,0.774022,-0.036207,0.017290,-0.105566,0.993602,0.178026,0.023506,0.271619,0.280840,-0.424162,0.041236,-0.419897,0.060586,-0.162148,0.290695,-0.262199,0.172518,-0.253629,0.108067,0.090665,-0.103405,1.060600,0.090806,0.010602,0.452298,0.433826,-0.200652,0.542391,0.180880,-0.463933,0.085406,-0.706605,0.117073,-0.363181
0.067628,-0.028417,0.774142,-0.038891,0.014779,-0.086069,0.995420,0.206493,0.041167,0.218026,0.303341,-0.409806,0.007337,-0.359500,0.091493,-0.118205,0.271579,-0.216214,0.163328,-0.270448,0.112911,0.074296,-0.105189,1.106986,-0.115915,0.090074,0.532834,0.420416,-0.238887,0.540116,0.223378,-0.521138,0.001697,-0.607443,0.074635,-0.443250
0.091691,-0.038673,0.771916,-0.045687,0.010666,-0.078564,0.995804,0.199574,0.074330,0.177598,0.410267,-0.386165,-0.033365,-0.317845,0.108081,-0.134761,0.263931,-0.119560,0.144604,-0.277738,0.117882,0.068076,-0.104304,1.126547,-0.270991,0.120224,0.664428,0.359174,-0.203654,0.503095,0.264150,-0.557809,-0.117043,-0.475806,0.055504,-0.528447
0.115476,-0.048921,0.767843,-0.053933,0.000648,-0.079902,0.995342,0.146757,0.120418,0.152276,0.626820,-0.309132,-0.089292,-0.298099,0.131336,-0.145551,0.336157,-0.130152,0.107308,-0.279962,0.123077,0.073986,-0.067942,0.997677,-0.265551,0.142349,0.650617,0.341663,0.007520,0.454004,0.281425,-0.582315,-0.221046,-0.374665,0.046872,-0.634625
0.138984,-0.058904,0.764517,-0.067736,-0.012970,-0.073298,0.994923,0.054234,0.182485,0.100653,0.900648,-0.212030,-0.225941,-0.254632,0.165217,-0.167168,0.371896,-0.150759,0.027234,-0.273714,0.124732,0.083509,0.004063,0.794693,-0.169077,0.143430,0.550270,0.340326,0.301766,0.406825,0.291705,-0.596614,-0.309795,-0.306798,0.031004,-0.735748
0.162830,-0.068261,0.760848,-0.081220,-0.028858,-0.058399,0.994565,-0.060430,0.234019,0.050326,1.192855,-0.170767,-0.246184,-0.190714,0.195899,-0.194310,0.379941,-0.183044,-0.032299,-0.258412,0.123791,0.094843,0.089760,0.609864,-0.096390,0.120054,0.494511,0.306113,0.523752,0.368623,0.287426,-0.604059,-0.384460,-0.284749,0.004972,-0.808536
0.186719,-0.076227,0.757735,-0.090087,-0.044017,-0.055567,0.993408,-0.177784,0.252182,-0.048461,1.462282,-0.217612,-0.231495,-0.130027,0.222785,-0.200600,0.392863,-0.223893,-0.053317,-0.227686,0.126276,0.111451,0.168792,0.432247,-0.029197,0.084588,0.474646,0.276265,0.638141,0.328201,0.244281,-0.608530,-0.445094,-0.307303,-0.013651,-0.848530
0.209281,-0.082572,0.755037,-0.096110,-0.056370,-0.052479,0.992387,-0.309857,0.243729,-0.122657,1.692211,-0.254767,-0.142711,-0.085249,0.237808,-0.212142,0.424167,-0.262728,-0.062247,-0.191938,0.128120,0.130071,0.233543,0.259760,0.017770,0.063838,0.449204,0.248160,0.684256,0.274848,0.171596,-0.633244,-0.487956,-0.351982,-0.012102,-0.866020
0.230301,-0.086991,0.753803,-0.099640,-0.066670,-0.043321,0.991842,-0.445757,0.214316,-0.186157,1.846079,-0.280698,-0.068795,-0.036189,0.243867,-0.228284,0.435003,-0.291553,-0.064634,-0.155669,0.128363,0.146609,0.300956,0.155260,0.018625,0.085352,0.466624,0.228464,0.693332,0.216318,0.103122,-0.674784,-0.516261,-0.401853,0.002252,-0.864681
0.250085,-0.088882,0.755299,-0.098004,-0.072851,-0.030566,0.992045,-0.561332,0.153987,-0.219841,1.883062,-0.319443,-0.001805,0.019772,0.237279,-0.242987,0.410879,-0.304674,-0.058478,-0.119576,0.127901,0.156070,0.344410,0.098006,-0.010580,0.133014,0.480074,0.210909,0.685070,0.172730,0.016230,-0.710616,-0.531510,-0.445995,0.041640,-0.832474
0.268685,-0.088766,0.759783,-0.090067,-0.069457,-0.021264,0.993283,-0.643910,0.082040,-0.208209,1.780858,-0.354229,0.029177,0.061615,0.217789,-0.255616,0.367642,-0.291598,-0.054912,-0.082829,0.124149,0.154033,0.371965,0.076037,-0.054102,0.194442,0.501831,0.202948,0.650855,0.145954,-0.091787,-0.736499,-0.517818,-0.499094,0.096435,-0.763415
0.286072,-0.087659,0.765551,-0.080056,-0.057711,-0.017988,0.994956,-0.683954,0.034024,-0.161024,1.546744,-0.390952,0.032557,0.069794,0.187974,-0.282361,0.351314,-0.269609,-0.064540,-0.043407,0.113970,0.142144,0.396256,0.075821,-0.088602,0.242255,0.548070,0.174336,0.600071,0.129872,-0.209773,-0.750319,-0.463899,-0.573841,0.158944,-0.668154
0.303856,-0.086551,0.773586,-0.072394,-0.040736,-0.020134,0.996340,-0.672557,0.019528,-0.096329,1.195700,-0.438161,0.012684,0.059183,0.155441,-0.356807,0.363021,-0.250501,-0.096008,-0.001718,0.098778,0.124304,0.423648,0.069613,-0.082272,0.264148,0.565566,0.144327,0.556367,0.116757,-0.324708,-0.738698,-0.373350,-0.632321,0.231311,-0.542008
0.322764,-0.086388,0.778549,-0.065542,-0.022461,-0.027978,0.997205,-0.605927,0.015733,-0.027380,0.767182,-0.465197,-0.028355,0.062538,0.117957,-0.485155,0.362266,-0.236788,-0.120536,0.040978,0.081495,0.101686,0.454377,0.057455,-0.052714,0.263273,0.565857,0.117948,0.531071,0.108339,-0.446415,-0.693049,-0.253902,-0.655030,0.329105,-0.360249
0.342296,-0.087068,0.781075,-0.056153,-0.009007,-0.038669,0.997632,-0.505738,-0.006473,0.007215,0.379476,-0.427450,-0.143572,0.091414,0.090537,-0.582466,0.330521,-0.228777,-0.111809,0.079008,0.062449,0.080068,0.491865,0.035262,-0.012792,0.248410,0.566025,0.086706,0.523043,0.114394,-0.591998,-0.613580,-0.123645,-0.688395,0.417801,-0.186346
0.361160,-0.087805,0.779763,-0.048598,-0.004341,-0.046827,0.997711,-0.436291,-0.035909,-0.005783,0.235727,-0.374217,-0.242730,0.108655,0.077208,-0.543367,0.334766,-0.256624,-0.056119,0.105587,0.046142,0.066839,0.534827,0.005871,0.038421,0.218896,0.576801,0.066975,0.518265,0.122299,-0.737685,-0.507514,-0.016441,-0.745586,0.449158,-0.121861
0.379272,-0.088494,0.774676,-0.043876,-0.002266,-0.048428,0.997860,-0.408969,-0.040540,-0.023925,0.310158,-0.348234,-0.246839,0.108497,0.064285,-0.473444,0.385547,-0.327374,-0.003540,0.126401,0.036543,0.059203,0.566419,-0.021852,0.088421,0.174067,0.588975,0.044431,0.514283,0.093517,-0.851393,-0.407722,0.062364,-0.767871,0.449869,-0.102732
0.397827,-0.090474,0.774856,-0.034470,0.003760,-0.045564,0.998359,-0.391978,-0.036831,0.036787,0.293224,-0.308468,-0.243457,0.117010,0.043264,-0.459906,0.401154,-0.331715,0.020506,0.141972,0.028293,0.048744,0.570866,-0.052952,0.131111,0.147541,0.603225,0.030815,0.518148,0.074372,-0.889560,-0.369475,0.076817,-0.734468,0.436773,-0.127321
0.417894,-0.092882,0.777698,-0.028760,0.008498,-0.042564,0.998644,-0.362639,-0.042491,0.065791,0.253274,-0.158483,-0.180306,0.122489,0.021611,-0.470823,0.435081,-0.284177,0.023078,0.153216,0.018560,0.036167,0.561435,-0.078452,0.177413,0.143062,0.615673,0.032861,0.542415,0.075535,-0.850085,-0.383171,0.051972,-0.693017,0.425924,-0.183668
0.438954,-0.095030,0.780641,-0.022714,0.009479,-0.037545,0.998992,-0.337569,-0.067962,0.047903,0.248281,-0.137085,-0.120154,0.106831,-0.011199,-0.464865,0.520569,-0.205371,0.020430,0.156573,0.010954,0.028893,0.549761,-0.110872,0.223305,0.138185,0.589414,0.028964,0.571814,0.094862,-0.771490,-0.417083,0.011747,-0.656298,0.405270,-0.244669
0.460462,-0.096088,0.780990,-0.013025,0.004813,-0.033688,0.999336,-0.306936,-0.102628,0.036140,0.260034,-0.127287,-0.043932,0.056342,-0.073741,-0.443207,0.692560,-0.112248,0.026125,0.153590,0.004131,0.028375,0.542147,-0.138203,0.263924,0.114291,0.555632,-0.003182,0.626689,0.127054,-0.676936,-0.454935,-0.037656,-0.628515,0.381697,-0.300630
0.482570,-0.096240,0.778204,-0.002009,-0.004832,-0.033965,0.999409,-0.275837,-0.136757,0.041705,0.297093,-0.139104,0.047028,-0.021073,-0.150022,-0.395255,0.927404,-0.053967,0.048041,0.147232,-0.004970,0.032318,0.536881,-0.151128,0.317654,0.064137,0.555677,-0.038678,0.685985,0.137804,-0.562347,-0.484297,-0.078167,-0.600716,0.354627,-0.349404
0.504553,-0.096013,0.769725,0.014128,-0.018265,-0.037642,0.999024,-0.243609,-0.174173,0.066871,0.351077,-0.171831,0.114459,-0.112709,-0.238673,-0.326295,1.180523,-0.074379,0.073444,0.141943,-0.018314,0.042133,0.516941,-0.186364,0.407934,-0.026514,0.541369,-0.084492,0.745876,0.135290,-0.440789,-0.508760,-0.115728,-0.570154,0.319606,-0.406765
0.525599,-0.096546,0.763398,0.033067,-0.034190,-0.041753,0.997995,-0.201944,-0.214927,0.088871,0.391250,-0.218758,0.133367,-0.209851,-0.319647,-0.237093,1.416092,-0.141727,0.066246,0.140598,-0.038830,0.059860,0.455883,-0.237709,0.530481,-0.146049,0.483733,-0.122137,0.811200,0.148981,-0.312543,-0.534024,-0.161225,-0.518118,0.263135,-0.484565
0.545972,-0.098831,0.758677,0.049403,-0.048992,-0.045016,0.996560,-0.153082,-0.247383,0.102653,0.414225,-0.263011,0.135722,-0.312850,-0.365919,-0.133853,1.609348,-0.188246,0.040737,0.139200,-0.063699,0.082584,0.353191,-0.269685,0.661527,-0.274475,0.380414,-0.140135,0.849030,0.159603,-0.214548,-0.537673,-0.198179,-0.487477,0.242449,-0.547224
0.564956,-0.102866,0.756113,0.063033,-0.060568,-0.049512,0.994941,-0.098037,-0.271686,0.111277,0.407265,-0.290901,0.132396,-0.419413,-0.376383,-0.031655,1.741398,-0.218626,-0.001540,0.132226,-0.086274,0.103197,0.234254,-0.264142,0.774591,-0.397239,0.279402,-0.117646,0.868190,0.219927,-0.136858,-0.491186,-0.212285,-0.466372,0.219172,-0.608423
0.582183,-0.108681,0.756207,0.069666,-0.063900,-0.051979,0.994164,-0.054028,-0.280556,0.109384,0.383173,-0.301678,0.126832,-0.518534,-0.356536,0.035800,1.788389,-0.254224,-0.043827,0.115232,-0.102950,0.115899,0.138654,-0.212773,0.873705,-0.484958,0.233436,-0.083091,0.880154,0.268226,-0.085270,-0.423177,-0.199358,-0.462495,0.201826,-0.651646
0.598086,-0.116296,0.758590,0.069283,-0.060736,-0.049498,0.994515,-0.019285,-0.273546,0.095765,0.348971,-0.299301,0.118959,-0.595191,-0.318888,0.054355,1.739624,-0.285291,-0.085663,0.088676,-0.111039,0.117548,0.086011,-0.109820,0.939498,-0.499579,0.292537,-0.032787,0.857927,0.303643,-0.051072,-0.357324,-0.163590,-0.472938,0.195258,-0.670101
0.613125,-0.125177,0.761495,0.064487,-0.053689,-0.040945,0.995632,-0.005065,-0.255467,0.076497,0.338192,-0.298914,0.113446,-0.638054,-0.276674,0.035480,1.592282,-0.294762,-0.103227,0.054059,-0.109234,0.111977,0.083735,0.031755,0.936072,-0.437396,0.405272,0.027000,0.722151,0.324268,-0.022587,-0.306559,-0.125051,-0.480367,0.202453,-0.664488
0.627798,-0.134216,0.763195,0.060072,-0.043184,-0.022213,0.997012,-0.017173,-0.238043,0.059215,0.363065,-0.312433,0.114085,-0.648757,-0.252678,0.000224,1.358615,-0.302207,-0.080976,0.013139,-0.099948,0.104857,0.091357,0.193348,0.860230,-0.317771,0.494804,0.109212,0.474712,0.351276,-0.013440,-0.290315,-0.097056,-0.484168,0.201323,-0.641889
0.643404,-0.143390,0.763641,0.056881,-0.031979,0.004225,0.997860,-0.033864,-0.225919,0.026575,0.399981,-0.340455,0.109347,-0.621752,-0.237308,-0.023206,1.054429,-0.306234,-0.048456,-0.029304,-0.088611,0.096753,0.110745,0.401029,0.719149,-0.169414,0.569057,0.205105,0.193747,0.380651,-0.010387,-0.293913,-0.085523,-0.517505,0.208802,-0.581078
0.660665,-0.151959,0.764032,0.050962,-0.024576,0.033421,0.997839,-0.023804,-0.214400,-0.035971,0.409715,-0.376972,0.090169,-0.553822,-0.205679,-0.002365,0.711516,-0.272600,-0.024391,-0.068004,-0.078095,0.088031,0.136045,0.643675,0.508660,-0.026945,0.636417,0.265693,-0.047202,0.414149,0.000428,-0.310389,-0.092412,-0.589906,0.228588,-0.463724
0.678720,-0.159255,0.764569,0.044834,-0.021617,0.061200,0.996884,0.009837,-0.201759,-0.106352,0.392132,-0.404858,0.066797,-0.462785,-0.162681,0.081113,0.424291,-0.226631,0.018539,-0.104546,-0.068318,0.080943,0.177472,0.893767,0.270406,0.032946,0.692841,0.261095,-0.214915,0.440089,0.013177,-0.323574,-0.127270,-0.709634,0.271394,-0.289034
0.696111,-0.165182,0.764438,0.038951,-0.020850,0.083977,0.995488,0.038961,-0.185768,-0.159078,0.383750,-0.427003,0.050578,-0.402343,-0.143901,0.133170,0.314645,-0.171463,0.147735,-0.135308,-0.061571,0.077558,0.198090,1.064730,0.066826,0.021422,0.694675,0.219626,-0.296321,0.475521,0.016208,-0.326543,-0.158682,-0.879166,0.280676,-0.088718
0.713347,-0.170097,0.764836,0.037533,-0.019874,0.096394,0.994437,0.055085,-0.176796,-0.188698,0.402083,-0.448169,0.043047,-0.384920,-0.164474,0.068020,0.330386,-0.133875,0.138369,-0.152614,-0.056411,0.074887,0.197451,1.117392,-0.051919,-0.009336,0.622199,0.214909,-0.338347,0.504917,0.020067,-0.313765,-0.175852,-1.052518,0.262206,0.080245
0.731024,-0.173486,0.766918,0.031746,-0.019940,0.099270,0.994354,0.071397,-0.157662,-0.192375,0.423342,-0.439510,0.043879,-0.362609,-0.176563,-0.020661,0.333732,-0.084522,0.096901,-0.160345,-0.046005,0.071928,0.200705,1.044575,-0.070512,-0.031504,0.495607,0.249468,-0.345143,0.519206,0.052807,-0.294245,-0.182724,-1.125068,0.224814,0.214281
0.749413,-0.176743,0.771897,0.025894,-0.022259,0.099075,0.994494,0.077072,-0.138092,-0.181070,0.476827,-0.415064,0.042810,-0.336736,-0.189297,-0.120688,0.355575,-0.052492,0.077855,-0.161309,-0.033881,0.071583,0.226528,0.884973,-0.012017,-0.061639,0.379503,0.277848,-0.302255,0.519181,0.131380,-0.303353,-0.202757,-0.996817,0.184856,0.308771
0.766960,-0.179658,0.774171,0.017427,-0.027499,0.100913,0.994362,0.059012,-0.117375,-0.175399,0.576102,-0.382907,0.031354,-0.297864,-0.202184,-0.228080,0.370225,-0.066734,0.105217,-0.157255,-0.022278,0.074411,0.256993,0.678775,0.075037,-0.099956,0.310006,0.277333,-0.192632,0.524918,0.229530,-0.337854,-0.235524,-0.701627,0.161588,0.300957
0.783678,-0.182289,0.772836,0.001728,-0.033490,0.106041,0.993796,0.013330,-0.084011,-0.173518,0.725087,-0.345115,-0.001001,-0.252350,-0.182144,-0.292408,0.366128,-0.081227,0.119429,-0.152967,-0.007435,0.079519,0.303439,0.433285,0.159169,-0.143611,0.281329,0.236523,-0.029403,0.537388,0.293454,-0.343197,-0.251324,-0.395165,0.137752,0.210089
0.799273,-0.184807,0.769211,-0.017227,-0.041900,0.111365,0.992746,-0.060270,-0.035558,-0.163991,0.925894,-0.282259,-0.095986,-0.222388,-0.144637,-0.325889,0.390600,-0.119820,0.109914,-0.148424,0.012292,0.088756,0.347600,0.169845,0.250851,-0.196190,0.249364,0.169264,0.104590,0.530989,0.317922,-0.333387,-0.258366,-0.182627,0.101068,0.042337
0.813963,-0.186227,0.765385,-0.036181,-0.053185,0.119397,0.990761,-0.149908,0.014228,-0.158485,1.146165,-0.209149,-0.221418,-0.197596,-0.113183,-0.359308,0.436628,-0.163406,0.095423,-0.139483,0.038575,0.104832,0.370076,-0.076981,0.319003,-0.250992,0.155324,0.109537,0.253242,0.473866,0.315066,-0.346891,-0.267782,-0.091494,0.074836,-0.175545
0.827056,-0.186250,0.759799,-0.048064,-0.066295,0.133797,0.987620,-0.251157,0.051518,-0.124911,1.355886,-0.152907,-0.246703,-0.177592,-0.106455,-0.394670,0.504155,-0.214479,0.092995,-0.129328,0.066987,0.126226,0.390550,-0.150358,0.290648,-0.221957,0.039954,0.075221,0.437327,0.402697,0.330528,-0.386875,-0.256344,0.058078,0.047837,-0.397807
0.838913,-0.184810,0.756150,-0.052924,-0.077350,0.145012,0.984981,-0.352282,0.077010,-0.121818,1.527327,-0.158074,-0.247758,-0.153632,-0.106462,-0.415410,0.548809,-0.250940,0.087184,-0.116666,0.088115,0.146477,0.399790,-0.096395,0.186324,-0.150197,-0.049081,0.138817,0.435235,0.313524,0.308636,-0.433615,-0.250859,0.274513,0.052566,-0.575427
0.849710,-0.180983,0.755917,-0.054308,-0.083227,0.152759,0.983254,-0.450888,0.107043,-0.137435,1.655651,-0.214160,-0.247773,-0.122142,-0.107943,-0.427825,0.551899,-0.267136,0.087347,-0.101328,0.101235,0.161125,0.403801,-0.064771,0.123506,-0.146388,-0.183088,0.176804,0.341271,0.228193,0.240974,-0.470516,-0.261376,0.487887,0.074190,-0.600921
0.859743,-0.174738,0.759426,-0.051732,-0.084634,0.159158,0.982257,-0.534805,0.148090,-0.141639,1.722394,-0.247084,-0.247206,-0.077075,-0.112088,-0.437397,0.505865,-0.260383,0.099591,-0.081117,0.109014,0.165942,0.416099,-0.030211,0.114071,-0.186587,-0.245042,0.176709,0.244169,0.198347,0.134733,-0.494849,-0.269434,0.535137,0.103081,-0.491715
0.869038,-0.166308,0.764709,-0.044496,-0.082196,0.163893,0.982040,-0.587673,0.161377,-0.147296,1.705372,-0.277724,-0.241374,-0.032423,-0.126398,-0.442716,0.442876,-0.239932,0.119470,-0.052826,0.111239,0.162253,0.431378,0.022287,0.103255,-0.241458,-0.232597,0.182519,0.073567,0.233992,-0.007561,-0.480960,-0.264016,0.408245,0.143434,-0.324902
0.877780,-0.156641,0.769202,-0.036486,-0.077873,0.167487,0.982116,-0.616985,0.164778,-0.163931,1.612289,-0.307423,-0.244722,0.001437,-0.146214,-0.444542,0.393463,-0.222458,0.137903,-0.022375,0.106165,0.152799,0.431543,0.113436,0.062296,-0.283566,-0.186649,0.209037,-0.148358,0.292791,-0.199929,-0.397905,-0.255636,0.169299,0.205528,-0.107790
0.886429,-0.146229,0.771416,-0.028262,-0.070696,0.167271,0.982967,-0.626427,0.191174,-0.179226,1.451721,-0.337045,-0.217553,0.008039,-0.175781,-0.436945,0.389897,-0.225311,0.151634,0.004061,0.097305,0.140696,0.440521,0.246849,-0.000707,-0.309472,-0.123377,0.237742,-0.328778,0.347186,-0.417867,-0.254111,-0.235306,-0.056716,0.235639,0.143474
0.895524,-0.135136,0.770914,-0.023602,-0.064687,0.159613,0.984775,-0.604223,0.260344,-0.158662,1.233299,-0.371722,-0.129858,-0.001558,-0.201464,-0.413852,0.419140,-0.247379,0.166145,0.020873,0.089645,0.129067,0.476230,0.404795,-0.080933,-0.337638,-0.013030,0.259242,-0.432198,0.360147,-0.647391,-0.068756,-0.207892,-0.214059,0.234426,0.342765
0.905488,-0.123564,0.768910,-0.021612,-0.060149,0.148134,0.986900,-0.534077,0.319897,-0.115400,0.977587,-0.408312,-0.058711,-0.008966,-0.218934,-0.383730,0.448845,-0.278786,0.186142,0.029000,0.085595,0.118424,0.514177,0.552917,-0.167013,-0.361660,0.154266,0.258383,-0.455320,0.328600,-0.853457,0.118709,-0.194212,-0.328708,0.215943,0.464442
0.915541,-0.111689,0.767011,-0.019469,-0.059724,0.140138,0.988137,-0.425643,0.330457,-0.080377,0.731273,-0.406036,-0.081459,-0.000011,-0.234924,-0.360888,0.465686,-0.301459,0.208313,0.032088,0.081713,0.108250,0.539466,0.665195,-0.261905,-0.368723,0.400716,0.230655,-0.435769,0.276208,-0.964772,0.282100,-0.176171,-0.458792,0.197609,0.512066
0.924581,-0.099238,0.765717,-0.016006,-0.059578,0.139402,0.988312,-0.324604,0.315634,-0.020671,0.570615,-0.364602,-0.156415,0.012484,-0.258681,-0.350406,0.481369,-0.312224,0.227267,0.028156,0.077920,0.100008,0.553214,0.682361,-0.328225,-0.348344,0.692006,0.204625,-0.415733,0.237842,-0.963513,0.371218,-0.145427,-0.639508,0.170566,0.529112
0.932169,-0.085739,0.765255,-0.011903,-0.055349,0.141638,0.988298,-0.252286,0.293437,0.079265,0.511217,-0.314731,-0.191943,0.010502,-0.291843,-0.344755,0.507626,-0.309916,0.242267,0.016447,0.076645,0.094084,0.571508,0.563142,-0.313884,-0.334047,0.947314,0.205536,-0.348514,0.227166,-0.835327,0.328582,-0.129665,-0.782939,0.183947,0.450422
0.938721,-0.071104,0.767398,-0.002845,-0.051204,0.143551,0.988313,-0.212010,0.237604,0.107826,0.485007,-0.282517,-0.081825,0.002278,-0.337433,-0.333971,0.542271,-0.288631,0.246885,0.008385,0.076077,0.089832,0.602638,0.315256,-0.243100,-0.365830,1.049297,0.226164,-0.222102,0.270572,-0.578628,0.172372,-0.156598,-0.787081,0.225701,0.264168
0.944116,-0.055629,0.765232,0.012364,-0.052468,0.150963,0.987069,-0.189697,0.179686,0.116520,0.485155,-0.268802,-0.095535,-0.013607,-0.403733,-0.312110,0.611529,-0.257805,0.247465,0.003026,0.073518,0.088582,0.624032,0.028606,-0.174543,-0.421084,0.977680,0.245707,-0.086547,0.336855,-0.235965,-0.022032,-0.220982,-0.579206,0.232062,0.062481
0.948420,-0.039943,0.760293,0.029267,-0.058169,0.164813,0.984173,-0.191556,0.117264,0.110105,0.545343,-0.297915,-0.081446,-0.056605,-0.480824,-0.258147,0.744628,-0.218881,0.244021,0.000628,0.066912,0.094662,0.608967,-0.177344,-0.133199,-0.466800,0.873771,0.219017,0.043610,0.397392,0.089209,-0.173371,-0.307440,-0.307347,0.182178,-0.122175
0.951711,-0.025986,0.753488,0.049784,-0.062658,0.173076,0.981652,-0.188069,0.053779,0.117901,0.596205,-0.334151,-0.065013,-0.140338,-0.554418,-0.171173,0.909029,-0.163179,0.191817,-0.004718,0.053684,0.105765,0.581754,-0.248281,-0.116642,-0.516357,0.868283,0.150546,0.222739,0.424952,0.290839,-0.225679,-0.381076,-0.130735,0.130876,-0.383449
0.954866,-0.014501,0.749323,0.064740,-0.064171,0.180280,0.979382,-0.186261,0.004745,0.125368,0.629357,-0.367291,-0.051697,-0.229008,-0.611715,-0.113774,1.050809,-0.127688,0.062306,-0.017726,0.034140,0.116607,0.553241,-0.216715,-0.081057,-0.587192,0.914066,0.069359,0.387593,0.404731,0.305172,-0.195624,-0.436100,-0.003938,0.148292,-0.654579
0.958148,-0.006943,0.746182,0.072048,-0.062565,0.203689,0.974374,-0.202093,-0.037600,0.099860,0.659456,-0.386366,-0.042411,-0.278802,-0.620069,-0.103513,1.150130,-0.183534,-0.016754,-0.034209,0.012670,0.122704,0.482748,-0.162295,0.000143,-0.671194,0.862661,0.032983,0.490895,0.373796,0.229172,-0.141259,-0.531172,0.193994,0.150317,-0.683434
0.962165,-0.002922,0.747652,0.075146,-0.059408,0.238865,0.966316,-0.208292,-0.077540,0.049691,0.652415,-0.377178,-0.039173,-0.286290,-0.572207,-0.124907,1.183262,-0.268909,0.017782,-0.047697,-0.008227,0.123115,0.369502,-0.110010,0.114505,-0.761479,0.735888,0.043126,0.568687,0.362707,0.136471,-0.211832,-0.652925,0.310023,0.109601,-0.725725
0.967151,-0.000945,0.756015,0.072527,-0.050480,0.273397,0.957834,-0.192526,-0.105414,-0.009917,0.580438,-0.336591,-0.041656,-0.267277,-0.479372,-0.167617,1.098736,-0.280405,0.125365,-0.055575,-0.026810,0.117440,0.231702,-0.050054,0.235238,-0.844883,0.583420,0.057275,0.635300,0.355812,0.058425,-0.358775,-0.756466,0.240264,0.077448,-0.765011
0.972083,0.000439,0.770250,0.059478,-0.036910,0.303714,0.950188,-0.159279,-0.107622,-0.072269,0.448555,-0.265843,-0.046495,-0.202750,-0.390059,-0.295243,0.864132,-0.255409,0.101834,-0.057874,-0.040255,0.102773,0.087817,0.036196,0.375331,-0.896453,0.399034,0.062792,0.696832,0.337810,-0.013546,-0.551542,-0.807960,0.066893,0.060246,-0.774321
0.975738,0.001148,0.782176,0.042550,-0.018949,0.325601,0.944359,-0.141039,-0.089308,-0.107653,0.320409,-0.194116,-0.048937,-0.088795,-0.364146,-0.545233,0.623553,-0.258191,0.000266,-0.054082,-0.047247,0.083647,-0.023941,0.209873,0.565051,-0.853043,0.310919,0.087314,0.737968,0.335490,-0.121981,-0.777970,-0.775081,-0.239197,0.096086,-0.774435
0.978234,0.002947,0.786936,0.028634,-0.001899,0.343251,0.938805,-0.149076,-0.074615,-0.118549,0.251810,-0.161238,-0.060478,0.001972,-0.318744,-0.725340,0.422519,-0.267073,0.012532,-0.052670,-0.048988,0.068325,-0.048559,0.495573,0.742885,-0.678640,0.431307,0.178211,0.653917,0.367491,-0.282909,-0.932710,-0.673678,-0.580846,0.169987,-0.691719
0.979276,0.005909,0.788511,0.016661,0.008946,0.352260,0.935711,-0.165300,-0.064326,-0.127947,0.231009,-0.148865,-0.058900,0.045651,-0.269085,-0.778235,0.288211,-0.253028,0.071582,-0.053012,-0.046456,0.058516,0.013921,0.820756,0.804803,-0.406858,0.624143,0.294726,0.418925,0.405065,-0.480591,-0.961435,-0.518527,-0.771973,0.278996,-0.436356
0.979499,0.009640,0.788846,0.010345,0.017680,0.337422,0.941131,-0.179240,-0.053839,-0.106008,0.237311,-0.159056,-0.043908,0.035123,-0.244924,-0.746397,0.235717,-0.242570,0.096784,-0.048968,-0.039619,0.053786,0.177260,1.102716,0.794568,-0.098357,0.743977,0.409945,0.089968,0.425615,-0.750654,-0.910092,-0.310349,-0.876965,0.409891,-0.093186
0.979431,0.012722,0.788956,0.009160,0.024049,0.297052,0.954515,-0.177570,-0.030777,-0.034691,0.239231,-0.172575,-0.041971,-0.017728,-0.243788,-0.668451,0.258053,-0.241449,0.076314,-0.040732,-0.030018,0.054835,0.463697,1.320931,0.772584,0.199711,0.835721,0.440345,-0.208688,0.427247,-1.076610,-0.787149,-0.070241,-1.042885,0.455628,0.225332
0.980300,0.014535,0.788816,0.010985,0.027070,0.254235,0.966701,-0.172092,-0.006397,0.043506,0.248313,-0.180038,-0.047575,-0.084657,-0.252303,-0.589320,0.333150,-0.252318,0.032932,-0.029576,-0.021690,0.062125,0.785550,1.385724,0.775643,0.327861,0.942561,0.351817,-0.328579,0.401120,-1.332918,-0.610497,0.095310,-1.169583,0.426191,0.407499
0.982500,0.015566,0.790338,0.011805,0.026069,0.233542,0.971926,-0.175147,0.009267,0.079240,0.272583,-0.173991,-0.057733,-0.136172,-0.248723,-0.533955,0.427633,-0.273509,0.028364,-0.017919,-0.017536,0.072418,0.959307,1.348300,0.817558,0.301607,0.945292,0.274459,-0.339609,0.352003,-1.436016,-0.485374,0.122360,-1.192995,0.348050,0.469242
0.987028,0.015613,0.791663,0.014225,0.020711,0.240232,0.970390,-0.175820,0.007743,0.067278,0.296176,-0.157725,-0.067015,-0.156661,-0.219422,-0.450632,0.487759,-0.297039,0.089227,-0.011737,-0.015295,0.079617,0.954179,1.282687,0.821717,0.195473,0.826436,0.233090,-0.373668,0.294291,-1.364681,-0.453152,0.047162,-1.077017,0.296571,0.438089
0.994308,0.015034,0.795688,0.014776,0.011954,0.262080,0.964859,-0.162371,0.003546,0.027638,0.300870,-0.134495,-0.075783,-0.129088,-0.158064,-0.363641,0.456393,-0.288310,0.162082,-0.015221,-0.015401,0.079934,0.822770,1.178866,0.754812,0.044699,0.679922,0.224259,-0.383085,0.286947,-1.168458,-0.485284,-0.092832,-0.833444,0.256928,0.359642
1.002306,0.013884,0.796070,0.014914,0.002751,0.289300,0.957118,-0.145364,-0.000319,-0.012764,0.301771,-0.127330,-0.075782,-0.081225,-0.080772,-0.259716,0.369621,-0.262718,0.126128,-0.028727,-0.017062,0.077070,0.641428,1.025070,0.636159,-0.101945,0.538123,0.228061,-0.359234,0.332960,-0.907381,-0.527072,-0.250895,-0.501118,0.220014,0.306686
1.009178,0.012380,0.790900,0.013426,-0.006128,0.311943,0.949986,-0.139122,0.001042,-0.039224,0.324873,-0.164844,-0.066912,-0.046553,-0.038140,-0.241336,0.331603,-0.235240,-0.016290,-0.040241,-0.017859,0.075689,0.484149,0.829953,0.527317,-0.194552,0.407924,0.238198,-0.342407,0.391695,-0.642833,-0.537116,-0.383662,-0.226397,0.164202,0.281764
1.014202,0.010242,0.784039,0.010952,-0.014446,0.323830,0.945941,-0.148883,0.010059,-0.054845,0.384085,-0.253283,-0.062361,-0.032720,-0.030112,-0.285413,0.354569,-0.290536,-0.024047,-0.045500,-0.012566,0.078618,0.373154,0.605820,0.472411,-0.232077,0.305551,0.242585,-0.344652,0.443551,-0.406346,-0.541425,-0.461215,-0.108473,0.114351,0.226886
1.018048,0.007145,0.778190,0.008187,-0.024043,0.323936,0.945738,-0.164533,0.025985,-0.065527,0.462912,-0.323582,-0.064334,-0.026760,-0.013995,-0.293603,0.384111,-0.332193,-0.028987,-0.049075,-0.002636,0.088367,0.322394,0.347228,0.471364,-0.253193,0.224027,0.230470,-0.322465,0.447279,-0.159524,-0.526716,-0.471947,-0.108547,0.089585,0.119474
1.019929,0.003422,0.772183,-0.000054,-0.034548,0.318189,0.947398,-0.210571,0.055311,-0.072612,0.591309,-0.372662,-0.075127,-0.037483,0.015863,-0.284890,0.430684,-0.354740,-0.042512,-0.054454,0.010565,0.103412,0.298273,0.071956,0.513636,-0.250919,0.116903,0.223305,-0.241255,0.397228,0.111864,-0.515851,-0.409875,-0.032814,0.094984,-0.047873
1.020326,0.000177,0.768419,-0.010096,-0.045229,0.312281,0.948859,-0.275082,0.083805,-0.081141,0.744149,-0.376218,-0.080497,-0.041266,0.048550,-0.278481,0.458023,-0.369485,-0.053848,-0.058955,0.027167,0.117994,0.276710,-0.161722,0.564451,-0.198672,-0.034696,0.215212,-0.074960,0.334508,0.328571,-0.524953,-0.284409,0.182125,0.126997,-0.287064
1.019629,-0.002690,0.767483,-0.018562,-0.053195,0.301787,0.951709,-0.334812,0.112796,-0.073332,0.884495,-0.373687,-0.113677,-0.042397,0.078193,-0.265494,0.465337,-0.373500,-0.061444,-0.059824,0.046539,0.131108,0.267549,-0.259272,0.546041,-0.067407,-0.125042,0.208750,0.255023,0.299035,0.348652,-0.480820,-0.117805,0.260156,0.236789,-0.527406
1.018281,-0.004771,0.766519,-0.024955,-0.056179,0.283516,0.956995,-0.378499,0.105807,-0.089788,1.011987,-0.421378,-0.111008,-0.045439,0.104203,-0.238779,0.457374,-0.364729,-0.066356,-0.057154,0.065309,0.140891,0.284319,-0.167343,0.326147,0.114528,0.028803,0.258994,0.453545,0.265085,0.194424,-0.253064,0.097668,0.085641,0.411082,-0.506859
1.016775,-0.005820,0.767118,-0.028331,-0.055389,0.265193,0.962186,-0.399338,0.078123,-0.097574,1.096591,-0.459320,-0.095241,-0.047419,0.120086,-0.209936,0.440255,-0.346314,-0.060733,-0.054765,0.081987,0.145569,0.282431,-0.015233,-0.016276,0.315596,0.362986,0.299213,0.386350,0.218185,0.000126,0.047200,0.323623,-0.214465,0.470516,-0.293188
1.015759,-0.006096,0.769029,-0.029140,-0.050159,0.247080,0.967257,-0.384151,0.064217,-0.068508,1.072430,-0.497399,-0.051380,-0.049946,0.127947,-0.179784,0.414847,-0.326129,-0.050210,-0.054785,0.094597,0.144834,0.245021,0.080552,-0.276503,0.495705,0.739632,0.310774,0.341781,0.173072,-0.147491,0.341144,0.514076,-0.584343,0.438472,-0.104969
1.015501,-0.005549,0.770938,-0.032158,-0.040656,0.229023,0.972040,-0.331548,0.060816,-0.021577,0.907091,-0.529301,-0.008051,-0.060159,0.135088,-0.152425,0.393716,-0.317332,-0.024885,-0.053326,0.104006,0.139238,0.247825,0.018069,-0.250580,0.557470,0.708566,0.328327,0.320397,0.170695,-0.169426,0.483211,0.573557,-0.793364,0.392694,0.027088
1.016171,-0.004895,0.773371,-0.034368,-0.029795,0.208993,0.976859,-0.247926,0.048651,0.013933,0.648234,-0.513422,-0.013848,-0.068994,0.141701,-0.122249,0.371894,-0.316740,0.000697,-0.051935,0.109022,0.128296,0.275495,-0.051911,-0.146790,0.556598,0.520714,0.339573,0.271689,0.224333,-0.126891,0.445852,0.535371,-0.819608,0.384280,0.098346
1.016935,-0.005327,0.778112,-0.028454,-0.018316,0.186428,0.981886,-0.182759,0.027040,0.027124,0.464161,-0.383893,0.046116,-0.067762,0.139136,-0.080772,0.330515,-0.297382,0.007241,-0.053290,0.107140,0.116965,0.303791,-0.051389,-0.151415,0.541789,0.424609,0.359764,0.202823,0.298530,-0.071501,0.326996,0.432827,-0.801997,0.422225,-0.003717
1.016951,-0.006717,0.780505,-0.025104,-0.010651,0.173757,0.984411,-0.166576,0.042604,0.073283,0.404749,-0.358832,-0.024415,-0.081056,0.140017,-0.054366,0.328030,-0.284819,-0.000543,-0.063661,0.099216,0.113518,0.337209,0.014473,-0.244494,0.509015,0.452846,0.348591,0.170513,0.372583,-0.018155,0.228878,0.337305,-0.765529,0.408902,-0.121607
1.016011,-0.008592,0.780655,-0.022277,-0.005216,0.169544,0.985257,-0.180085,0.056145,0.096364,0.411710,-0.368672,-0.137515,-0.101448,0.138073,-0.044044,0.344205,-0.281974,-0.009805,-0.074336,0.088368,0.115261,0.370100,0.068310,-0.313609,0.474666,0.482371,0.329222,0.186375,0.436583,0.028710,0.148119,0.279861,-0.683480,0.357118,-0.150741
1.013971,-0.010154,0.779725,-0.020198,-0.000984,0.164480,0.986173,-0.218803,0.063993,0.092418,0.480684,-0.379164,-0.186827,-0.123049,0.135940,-0.037131,0.361287,-0.284279,-0.008016,-0.081138,0.079315,0.122029,0.416404,0.115858,-0.350850,0.431812,0.492128,0.326035,0.193245,0.478413,0.048758,0.104574,0.244048,-0.600978,0.335999,-0.125016
1.011888,-0.012080,0.778218,-0.020960,0.001289,0.161502,0.986649,-0.270266,0.087939,0.121159,0.608585,-0.388941,-0.150452,-0.140234,0.138664,-0.036709,0.373748,-0.292293,0.003266,-0.085419,0.074066,0.131845,0.445769,0.162899,-0.379436,0.385287,0.491003,0.341420,0.176591,0.504112,0.018035,0.115685,0.213288,-0.576795,0.335754,-0.100917
1.010810,-0.014309,0.776378,-0.023263,0.001249,0.160278,0.986797,-0.311704,0.124990,0.164207,0.747475,-0.439031,-0.096865,-0.147382,0.146738,-0.039011,0.376871,-0.294751,-0.002897,-0.085539,0.071549,0.141682,0.460396,0.223075,-0.407286,0.327888,0.480800,0.344605,0.145312,0.515861,-0.048618,0.168373,0.184213,-0.614488,0.326085,-0.083348
1.011263,-0.016291,0.774509,-0.027882,-0.003635,0.157623,0.987099,-0.323947,0.123283,0.139308,0.818337,-0.483452,-0.096247,-0.143110,0.162684,-0.039406,0.380181,-0.293940,-0.014297,-0.078534,0.070049,0.149948,0.454933,0.277405,-0.443158,0.283208,0.477363,0.348791,0.114533,0.512675,-0.128397,0.237410,0.170620,-0.685803,0.307765,-0.077445
1.013497,-0.017908,0.773083,-0.034648,-0.010376,0.154714,0.987297,-0.296867,0.098517,0.080239,0.765985,-0.501851,-0.149111,-0.129301,0.183522,-0.039213,0.378061,-0.290330,-0.025094,-0.070606,0.068602,0.151552,0.430336,0.325464,-0.484775,0.260327,0.476048,0.346687,0.097484,0.489104,-0.199252,0.306802,0.186426,-0.751630,0.300210,-0.051915
1.017095,-0.019489,0.772549,-0.040434,-0.016846,0.153214,0.987222,-0.224433,0.106827,0.071537,0.621324,-0.496921,-0.231362,-0.105851,0.200519,-0.042150,0.363062,-0.287511,-0.027434,-0.067120,0.064712,0.143874,0.388366,0.353169,-0.528812,0.279272,0.480873,0.354625,0.091204,0.445338,-0.248584,0.363895,0.235832,-0.814997,0.306775,0.054759
1.021395,-0.021794,0.775018,-0.043301,-0.022214,0.155319,0.986665,-0.161810,0.118058,0.070661,0.522216,-0.476803,-0.221063,-0.075711,0.213531,-0.045327,0.332841,-0.276963,-0.035885,-0.065046,0.053105,0.130961,0.325143,0.352169,-0.569541,0.339097,0.508193,0.375249,0.066309,0.403930,-0.252326,0.363402,0.285078,-0.901465,0.326319,0.239875
1.026046,-0.024429,0.777599,-0.042527,-0.023066,0.163759,0.985313,-0.117462,0.119278,0.064235,0.439177,-0.439830,-0.229091,-0.054785,0.217538,-0.056326,0.305543,-0.264135,-0.057486,-0.066100,0.030623,0.115623,0.261734,0.315429,-0.572231,0.398462,0.571560,0.404910,-0.005169,0.387489,-0.177544,0.256007,0.284010,-1.000903,0.373218,0.336393
1.030558,-0.026127,0.779439,-0.038370,-0.023042,0.174633,0.983616,-0.078483,0.108643,0.055613,0.366231,-0.407218,-0.245851,-0.039709,0.210917,-0.072553,0.289181,-0.258379,-0.074154,-0.068790,0.001925,0.098919,0.214918,0.267401,-0.505723,0.436246,0.641880,0.424134,-0.043115,0.402313,-0.034446,0.095917,0.198486,-1.064677,0.442217,0.267122
1.034365,-0.026219,0.779230,-0.033111,-0.023400,0.179866,0.982855,-0.054423,0.089645,0.056603,0.333886,-0.410238,-0.247744,-0.036724,0.199742,-0.081219,0.299970,-0.277000,-0.065459,-0.073426,-0.026190,0.084831,0.211805,0.188489,-0.363042,0.415820,0.688078,0.448583,0.007934,0.405723,0.087223,0.000413,0.086476,-0.997308,0.465995,0.094270
1.037507,-0.025701,0.776830,-0.027008,-0.026846,0.181752,0.982607,-0.047670,0.074673,0.064086,0.353565,-0.437955,-0.247839,-0.046256,0.187038,-0.083990,0.347594,-0.313619,-0.050693,-0.075919,-0.053028,0.077587,0.236990,0.083936,-0.200896,0.344148,0.699999,0.436507,0.108797,0.399984,0.100095,0.022796,0.009001,-0.863516,0.402316,-0.062572
1.040132,-0.025449,0.771957,-0.020403,-0.034325,0.182076,0.982473,-0.061864,0.069337,0.067139,0.431021,-0.480825,-0.247837,-0.065980,0.174484,-0.087964,0.429304,-0.357956,-0.050379,-0.070847,-0.077004,0.078163,0.267684,-0.033520,-0.076483,0.260590,0.674073,0.373095,0.212789,0.388151,0.006546,0.115397,-0.022042,-0.818084,0.309954,-0.186707
1.042612,-0.025420,0.764135,-0.014998,-0.044159,0.180757,0.982421,-0.093889,0.074691,0.070470,0.552812,-0.530370,-0.247818,-0.092362,0.164997,-0.094358,0.533393,-0.406612,-0.062669,-0.057923,-0.096272,0.085178,0.277658,-0.116056,-0.010465,0.216779,0.606957,0.288566,0.295676,0.370417,-0.102850,0.219134,-0.039426,-0.837504,0.258631,-0.248538
1.045263,-0.025728,0.753539,-0.011931,-0.056724,0.177811,0.982356,-0.133213,0.090551,0.076589,0.698056,-0.576831,-0.247767,-0.114641,0.161323,-0.103040,0.640536,-0.457196,-0.075193,-0.041302,-0.110337,0.095015,0.273863,-0.138844,-0.002085,0.213919,0.559482,0.217780,0.354694,0.362651,-0.152026,0.290652,-0.074585,-0.761611,0.255391,-0.189693
1.048862,-0.026683,0.741410,-0.011520,-0.071598,0.173961,0.982079,-0.164202,0.117882,0.084357,0.836377,-0.613718,-0.247677,-0.124458,0.167105,-0.111749,0.735868,-0.508892,-0.088457,-0.027981,-0.122659,0.102777,0.266382,-0.121899,-0.019463,0.216533,0.586733,0.178081,0.401743,0.357748,-0.160762,0.313070,-0.155175,-0.634875,0.245495,-0.220284
1.054145,-0.027916,0.729777,-0.013432,-0.086664,0.169340,0.981648,-0.184048,0.152663,0.091726,0.954962,-0.647577,-0.247763,-0.126494,0.180578,-0.121940,0.820195,-0.555221,-0.109145,-0.021522,-0.135873,0.106416,0.257568,-0.111191,-0.019688,0.193657,0.639389,0.170571,0.434492,0.332068,-0.199265,0.315020,-0.246237,-0.638173,0.221819,-0.314624
1.060384,-0.029427,0.718142,-0.019198,-0.103120,0.165130,0.980678,-0.190571,0.195019,0.094369,1.054646,-0.679156,-0.247821,-0.120219,0.204296,-0.136018,0.891808,-0.587484,-0.138588,-0.022376,-0.151334,0.106077,0.269606,-0.118469,0.016827,0.155891,0.654362,0.161299,0.464967,0.308578,-0.223026,0.283060,-0.346416,-0.698359,0.185631,-0.404431
1.067052,-0.030456,0.707652,-0.024153,-0.121161,0.160755,0.979232,-0.184745,0.234160,0.091130,1.139234,-0.693504,-0.247819,-0.109972,0.223385,-0.153382,0.964348,-0.602678,-0.168687,-0.024976,-0.169187,0.103726,0.294743,-0.136064,0.079534,0.117948,0.621150,0.157441,0.479551,0.293104,-0.232481,0.226800,-0.457222,-0.723507,0.157712,-0.460383
1.074302,-0.030641,0.701272,-0.027515,-0.140662,0.153139,0.977755,-0.171349,0.264815,0.084922,1.220212,-0.690911,-0.247795,-0.109173,0.232767,-0.178234,1.064631,-0.577534,-0.198762,-0.023618,-0.186969,0.103014,0.323220,-0.157448,0.158445,0.079962,0.562566,0.168743,0.492703,0.267712,-0.266009,0.162789,-0.566144,-0.747461,0.137471,-0.497475
1.081520,-0.030223,0.692095,-0.030052,-0.163167,0.140460,0.976086,-0.150176,0.290481,0.080824,1.303968,-0.676095,-0.247747,-0.109339,0.233276,-0.205109,1.170591,-0.528906,-0.220475,-0.017714,-0.201199,0.104095,0.360101,-0.184085,0.241885,0.042234,0.496573,0.186067,0.523029,0.228381,-0.318823,0.112559,-0.653306,-0.779455,0.118148,-0.495751
1.088891,-0.029435,0.680145,-0.029610,-0.187984,0.122739,0.974023,-0.114731,0.308854,0.086492,1.377458,-0.657865,-0.247746,-0.094386,0.230577,-0.219717,1.262980,-0.495004,-0.231555,-0.009634,-0.210969,0.104832,0.394901,-0.218849,0.325066,0.012588,0.420169,0.194533,0.568324,0.165091,-0.378801,0.082090,-0.715482,-0.823961,0.096301,-0.482658
1.095233,-0.028207,0.669776,-0.028424,-0.211672,0.105179,0.971249,-0.072303,0.321651,0.095710,1.440048,-0.650249,-0.247741,-0.071055,0.230271,-0.220746,1.338668,-0.472502,-0.244264,-0.000959,-0.217186,0.105370,0.425482,-0.258740,0.398299,-0.005028,0.331559,0.198855,0.616743,0.098221,-0.404871,0.083759,-0.762444,-0.863012,0.067829,-0.474485
1.100854,-0.026835,0.660633,-0.026516,-0.233339,0.087338,0.968102,-0.023038,0.327647,0.108771,1.485098,-0.653611,-0.247746,-0.042196,0.229995,-0.210239,1.398887,-0.463281,-0.247423,0.006905,-0.221144,0.105306,0.448627,-0.297657,0.462197,-0.010912,0.236772,0.195172,0.676602,0.053664,-0.378082,0.125560,-0.803288,-0.890409,0.036660,-0.471919
1.105490,-0.025465,0.653395,-0.023404,-0.252476,0.069993,0.964785,0.032711,0.328136,0.130464,1.508697,-0.667340,-0.247784,-0.008256,0.229922,-0.189670,1.441007,-0.466192,-0.247769,0.013087,-0.224381,0.104402,0.462352,-0.326659,0.510144,0.000275,0.154757,0.185761,0.737862,0.032132,-0.307605,0.197081,-0.834494,-0.924892,0.005220,-0.472655
1.108878,-0.024482,0.648397,-0.018488,-0.269521,0.051998,0.961412,0.093180,0.329241,0.163633,1.514790,-0.684149,-0.247782,0.034953,0.233942,-0.156168,1.459137,-0.490890,-0.247797,0.016628,-0.226527,0.102376,0.476542,-0.353927,0.539109,0.024084,0.096208,0.166027,0.790519,0.027329,-0.214643,0.284918,-0.849786,-0.973947,-0.008803,-0.483493
1.110574,-0.023912,0.645971,-0.014391,-0.279973,0.037492,0.959167,0.140843,0.327678,0.192542,1.506930,-0.710832,-0.247724,0.072265,0.238771,-0.122640,1.457323,-0.524159,-0.247776,0.019475,-0.223836,0.101222,0.481148,-0.366520,0.541418,0.066646,0.075322,0.152918,0.829661,0.017845,-0.174049,0.363206,-0.844566,-1.011595,-0.026916,-0.491471
1.110426,-0.023963,0.646942,-0.012626,-0.282751,0.028379,0.958690,0.171061,0.324223,0.209190,1.481301,-0.744025,-0.247464,0.094584,0.245811,-0.094945,1.439988,-0.553150,-0.247771,0.023984,-0.218168,0.101369,0.469306,-0.365181,0.520335,0.118234,0.052789,0.144862,0.845373,0.004185,-0.173422,0.384097,-0.837974,-1.054859,-0.023032,-0.470498
1.108720,-0.024791,0.653300,-0.011373,-0.277866,0.023013,0.960277,0.183966,0.318872,0.224408,1.434598,-0.758771,-0.246535,0.106295,0.254228,-0.071274,1.394950,-0.568413,-0.247768,0.028818,-0.211242,0.104763,0.448298,-0.347587,0.486829,0.149950,0.016398,0.138214,0.805229,-0.015936,-0.153129,0.389401,-0.850657,-1.039736,0.000822,-0.494656
1.105522,-0.025986,0.665682,-0.010830,-0.266846,0.020761,0.963455,0.186728,0.311652,0.241186,1.361432,-0.754676,-0.245155,0.113906,0.262856,-0.048617,1.316675,-0.562301,-0.247725,0.032804,-0.202248,0.109723,0.432169,-0.309747,0.447996,0.162226,0.030666,0.125555,0.759763,-0.039628,-0.154389,0.385002,-0.856535,-1.045557,0.009638,-0.518397
1.100766,-0.027535,0.683295,-0.009614,-0.249227,0.018919,0.968213,0.186824,0.300607,0.265220,1.255548,-0.736065,-0.241647,0.116861,0.273014,-0.020093,1.208926,-0.537645,-0.247059,0.035848,-0.190329,0.113573,0.419100,-0.263006,0.408126,0.166315,0.088005,0.118039,0.712741,-0.053450,-0.183559,0.387151,-0.842738,-1.047405,0.012105,-0.509465
1.094066,-0.028962,0.705212,-0.009571,-0.225625,0.019121,0.973979,0.180101,0.285849,0.289428,1.123709,-0.695412,-0.235925,0.115083,0.282993,0.014143,1.075707,-0.489791,-0.235109,0.037307,-0.175397,0.114993,0.403147,-0.215706,0.369168,0.174696,0.151035,0.120032,0.660074,-0.043290,-0.221519,0.374249,-0.813758,-1.046730,0.037831,-0.465111
1.084418,-0.029949,0.730752,-0.008961,-0.195054,0.021012,0.980526,0.155162,0.266359,0.307279,0.988562,-0.631050,-0.232807,0.100417,0.282653,0.052736,0.932181,-0.427831,-0.189770,0.036561,-0.157639,0.113755,0.380288,-0.162754,0.321817,0.195535,0.206697,0.133868,0.603360,-0.015970,-0.251144,0.346156,-0.776266,-1.023889,0.081285,-0.379975
1.072557,-0.030028,0.750869,-0.007692,-0.158096,0.023372,0.987117,0.106874,0.239162,0.318090,0.863731,-0.565717,-0.246634,0.066195,0.272725,0.086036,0.798356,-0.366662,-0.129632,0.032387,-0.137129,0.111531,0.353187,-0.095283,0.253668,0.226956,0.262255,0.163976,0.538033,0.010517,-0.271459,0.297648,-0.732989,-0.994650,0.137870,-0.270236
1.059271,-0.028659,0.766360,-0.005037,-0.119002,0.024618,0.992576,0.047775,0.195559,0.318883,0.748638,-0.524933,-0.247752,0.019964,0.253885,0.116392,0.681073,-0.309936,-0.062964,0.022464,-0.114406,0.111580,0.329597,-0.010975,0.159468,0.256941,0.328762,0.187743,0.464512,0.022105,-0.294906,0.240111,-0.683287,-0.978705,0.183701,-0.140463
1.045528,-0.025841,0.777554,0.002398,-0.083018,0.023933,0.996258,-0.003499,0.149896,0.319720,0.649390,-0.509523,-0.247814,-0.024247,0.224497,0.150932,0.580501,-0.269625,-0.004051,0.007199,-0.089889,0.114318,0.314377,0.079941,0.046542,0.283020,0.394019,0.199857,0.389405,0.021627,-0.323885,0.187025,-0.633962,-0.977953,0.204738,-0.036203
1.032165,-0.021867,0.784675,0.011978,-0.052763,0.025176,0.998218,-0.043050,0.107578,0.329775,0.573255,-0.493607,-0.247815,-0.066144,0.191321,0.187165,0.506982,-0.248175,0.038469,-0.011984,-0.064872,0.117919,0.305816,0.179190,-0.080162,0.296927,0.449150,0.206189,0.311911,0.022848,-0.338920,0.141217,-0.580775,-0.969272,0.214799,0.020345
1.019868,-0.018004,0.788009,0.023345,-0.029463,0.034077,0.998712,-0.078818,0.073666,0.344607,0.540023,-0.492331,-0.247821,-0.110107,0.157130,0.207525,0.473119,-0.242459,0.030964,-0.033338,-0.041784,0.122181,0.299204,0.269782,-0.206704,0.293126,0.484348,0.200391,0.245649,0.039860,-0.342504,0.104467,-0.513402,-0.954903,0.224186,0.064978
1.009132,-0.015161,0.787171,0.032330,-0.013881,0.051090,0.998074,-0.108878,0.067401,0.363676,0.557012,-0.494701,-0.247795,-0.153616,0.121699,0.185098,0.470089,-0.249603,0.009340,-0.052904,-0.021065,0.129011,0.277727,0.356646,-0.329486,0.290155,0.496223,0.198688,0.197274,0.079540,-0.336453,0.051858,-0.455010,-0.960018,0.230014,0.084813
1.000439,-0.013995,0.785757,0.039824,-0.004779,0.071881,0.996606,-0.128178,0.093438,0.396252,0.616138,-0.488710,-0.247235,-0.191422,0.085222,0.139213,0.488927,-0.276128,-0.011544,-0.069184,-0.000167,0.139852,0.246348,0.418862,-0.430273,0.293680,0.475750,0.206275,0.148142,0.140741,-0.317887,-0.007208,-0.389679,-0.983336,0.244643,0.084887
0.993525,-0.013705,0.783336,0.043361,-0.000488,0.091138,0.994894,-0.139892,0.133874,0.429947,0.704627,-0.466540,-0.236043,-0.222997,0.057999,0.095726,0.520432,-0.302351,-0.012844,-0.080876,0.023346,0.154890,0.215151,0.449160,-0.478141,0.306569,0.446907,0.232450,0.103258,0.213274,-0.279455,-0.059183,-0.312096,-0.998302,0.255706,0.100112
0.988383,-0.014197,0.780404,0.045653,-0.002354,0.106908,0.993217,-0.155866,0.151335,0.419158,0.823850,-0.428588,-0.211713,-0.242539,0.040593,0.069222,0.559391,-0.328331,-0.000856,-0.088962,0.047435,0.172085,0.208326,0.428721,-0.483521,0.334830,0.427338,0.287544,0.095625,0.281623,-0.243749,-0.097945,-0.195508,-1.044362,0.261763,0.137724
0.984852,-0.015138,0.778114,0.045571,-0.010119,0.124178,0.991161,-0.179888,0.127107,0.353318,0.961293,-0.344159,-0.228374,-0.237515,0.028209,0.042070,0.578833,-0.352923,0.012074,-0.094798,0.069955,0.186893,0.210684,0.374613,-0.474256,0.374291,0.434059,0.355050,0.121392,0.343472,-0.197036,-0.114352,-0.051876,-1.102519,0.290699,0.174274
0.982906,-0.016419,0.777996,0.045359,-0.019076,0.144490,0.988282,-0.196123,0.086219,0.301706,1.087012,-0.225355,-0.246559,-0.211706,0.015295,0.011680,0.567409,-0.371222,0.022135,-0.101567,0.090819,0.195636,0.226537,0.305459,-0.461128,0.429663,0.465524,0.413145,0.157879,0.397051,-0.143745,-0.112984,0.113858,-1.154959,0.315663,0.239758
0.982251,-0.018031,0.781644,0.045264,-0.027277,0.163538,0.985121,-0.198078,0.056560,0.278426,1.194623,-0.151080,-0.247604,-0.182642,0.004048,-0.019899,0.543968,-0.381635,0.030085,-0.107043,0.109580,0.199018,0.252792,0.228648,-0.438814,0.490778,0.493317,0.459091,0.204927,0.439897,-0.091741,-0.090978,0.283339,-1.195863,0.331050,0.314783
0.982642,-0.019942,0.783014,0.046113,-0.034885,0.178812,0.982183,-0.187958,0.037670,0.279020,1.279541,-0.104562,-0.247559,-0.156627,-0.006474,-0.049174,0.528838,-0.389678,0.040261,-0.109600,0.125224,0.198779,0.278879,0.159625,-0.432869,0.560333,0.504995,0.478602,0.250289,0.464963,-0.035776,-0.052144,0.432419,-1.198479,0.345290,0.357799
0.983882,-0.022450,0.783085,0.045626,-0.042417,0.191398,0.979534,-0.175789,0.008823,0.297204,1.328147,-0.015377,-0.247780,-0.133046,-0.011205,-0.078575,0.517273,-0.389802,0.044511,-0.111893,0.135724,0.197529,0.302477,0.134960,-0.512374,0.633429,0.536487,0.476313,0.228128,0.491951,0.013043,0.016989,0.584045,-1.187274,0.333970,0.364932
0.985808,-0.025871,0.781995,0.043375,-0.049603,0.203326,0.976891,-0.155999,-0.008165,0.326970,1.336408,0.062099,-0.247807,-0.110885,-0.008047,-0.107706,0.506485,-0.385221,0.037001,-0.116794,0.140839,0.196354,0.320485,0.152078,-0.662543,0.695185,0.581896,0.420889,0.120956,0.522371,0.047048,0.135818,0.721019,-1.190489,0.265711,0.381574
0.987906,-0.030368,0.778990,0.038538,-0.056965,0.214681,0.974260,-0.131288,-0.002263,0.352778,1.322530,0.076707,-0.247811,-0.100992,0.002051,-0.138376,0.518136,-0.393954,0.038722,-0.122347,0.141682,0.196208,0.348589,0.176770,-0.780864,0.715719,0.591993,0.356174,0.013981,0.537483,0.077583,0.277530,0.805193,-1.208178,0.186719,0.391104
0.989873,-0.035639,0.774164,0.031164,-0.064807,0.225597,0.971563,-0.107534,0.009362,0.381368,1.294000,0.092366,-0.247817,-0.101187,0.017413,-0.170968,0.548164,-0.413661,0.039650,-0.129970,0.139591,0.197492,0.393421,0.185186,-0.827903,0.704851,0.542147,0.346097,-0.047567,0.553896,0.110791,0.406449,0.831769,-1.206356,0.104995,0.386127
0.991333,-0.041083,0.768102,0.023998,-0.072801,0.235248,0.968908,-0.086553,0.005305,0.402653,1.244304,0.134552,-0.247821,-0.109317,0.031110,-0.201738,0.592637,-0.440804,0.040172,-0.138478,0.134782,0.201378,0.442197,0.177894,-0.844297,0.676515,0.473434,0.368754,-0.070452,0.573870,0.138880,0.497771,0.814091,-1.170418,0.044202,0.356971
0.992025,-0.046375,0.761488,0.023218,-0.079446,0.239918,0.967258,-0.058913,0.011909,0.420323,1.190842,0.235487,-0.247755,-0.124137,0.033287,-0.220067,0.649477,-0.470628,0.037966,-0.141329,0.127993,0.206960,0.484839,0.152258,-0.857927,0.651031,0.407424,0.379545,-0.092974,0.588281,0.147392,0.555461,0.794589,-1.137040,0.077421,0.347757
0.991054,-0.051932,0.753416,0.018173,-0.085599,0.239879,0.966851,-0.033585,-0.002282,0.380513,1.159388,0.249529,-0.246103,-0.156800,0.043637,-0.232951,0.725987,-0.502795,0.027249,-0.134131,0.121880,0.216084,0.520814,0.128929,-0.807514,0.619706,0.332040,0.408453,-0.050455,0.578563,0.135763,0.622908,0.769221,-1.146481,0.141105,0.364638
0.989058,-0.057550,0.745218,0.013202,-0.090617,0.236583,0.967286,0.001005,-0.000868,0.362581,1.141007,0.163736,-0.207540,-0.195464,0.054685,-0.242939,0.804484,-0.531293,0.007836,-0.122902,0.116830,0.227090,0.529337,0.128480,-0.797695,0.584666,0.329373,0.410950,0.000798,0.551110,0.096923,0.685820,0.731187,-1.173128,0.145711,0.324885
0.986706,-0.063064,0.738879,0.006991,-0.093549,0.235763,0.967272,0.048313,0.035107,0.423893,1.103087,0.083509,-0.059083,-0.224819,0.068932,-0.254983,0.851605,-0.543026,-0.016718,-0.113211,0.112564,0.235828,0.524392,0.139149,-0.792794,0.567062,0.354051,0.389050,0.034476,0.530376,0.057550,0.687929,0.706709,-1.141742,0.135666,0.228744
0.984174,-0.067759,0.738676,-0.000356,-0.093920,0.238395,0.966616,0.093898,0.060371,0.482533,1.053799,-0.019863,0.062009,-0.240228,0.084691,-0.269743,0.859507,-0.541224,-0.030791,-0.104555,0.109904,0.239872,0.504881,0.137134,-0.740958,0.592900,0.356026,0.375519,0.051913,0.514515,0.028119,0.632935,0.711703,-1.041486,0.142630,0.154732
0.981948,-0.071900,0.742759,-0.007129,-0.089741,0.244636,0.965427,0.116794,0.059637,0.494952,0.992133,-0.098274,0.102891,-0.240963,0.096358,-0.284793,0.822519,-0.523307,-0.028820,-0.095948,0.107093,0.237671,0.449239,0.137340,-0.673414,0.647729,0.383247,0.401814,0.084281,0.477762,-0.005631,0.564234,0.730381,-0.959303,0.197018,0.120243
0.980675,-0.074838,0.751746,-0.012277,-0.082305,0.255719,0.963163,0.124305,0.035217,0.453318,0.909657,-0.114233,0.077171,-0.217593,0.103957,-0.299444,0.731891,-0.484242,-0.019584,-0.087860,0.101724,0.225542,0.365099,0.150487,-0.614533,0.710465,0.446440,0.438416,0.151100,0.428738,-0.053900,0.507971,0.732990,-0.964980,0.299571,0.073431
0.980444,-0.076760,0.763466,-0.013294,-0.070713,0.268658,0.960545,0.120950,-0.004324,0.375007,0.820410,-0.071422,-0.012142,-0.178780,0.106318,-0.308601,0.603194,-0.430552,0.000287,-0.082283,0.090132,0.202570,0.285455,0.168289,-0.545456,0.760098,0.493656,0.460190,0.206101,0.395975,-0.101260,0.423329,0.717138,-0.984731,0.398200,0.015052
0.980142,-0.078195,0.773967,-0.009537,-0.055691,0.284169,0.957108,0.104255,-0.057383,0.252971,0.755818,-0.020202,-0.192569,-0.137589,0.101260,-0.314984,0.462824,-0.366717,0.005153,-0.079423,0.069226,0.174245,0.214321,0.185963,-0.440676,0.776155,0.499249,0.463195,0.239126,0.380091,-0.136518,0.300585,0.676406,-0.969279,0.464204,-0.036036
0.979358,-0.080036,0.780390,-0.006075,-0.039702,0.314085,0.948545,0.055310,-0.101661,0.188064,0.769533,0.006395,-0.245500,-0.109702,0.086952,-0.349019,0.342258,-0.310891,-0.004084,-0.087900,0.038206,0.147928,0.139498,0.215699,-0.328732,0.754163,0.482261,0.456799,0.246445,0.380220,-0.143668,0.130007,0.599153,-0.876976,0.480228,-0.067139
0.978070,-0.081918,0.783373,-0.001267,-0.026608,0.350551,0.936165,-0.028412,-0.094703,0.198031,0.887681,0.014421,-0.247755,-0.108286,0.053899,-0.410067,0.291020,-0.289339,-0.003724,-0.100663,0.006005,0.130251,0.058198,0.248769,-0.251073,0.705111,0.463222,0.426964,0.230039,0.393054,-0.150867,-0.023095,0.499443,-0.765233,0.475174,-0.094155
0.977198,-0.083243,0.784182,0.003373,-0.018649,0.377884,0.925659,-0.115652,-0.018228,0.247692,1.045133,0.018673,-0.247829,-0.122121,0.018134,-0.459798,0.296183,-0.292455,0.005093,-0.105531,-0.017663,0.122040,-0.017222,0.285330,-0.205850,0.629232,0.457367,0.382651,0.222995,0.406604,-0.191085,-0.112426,0.407802,-0.679730,0.446618,-0.115554
0.977355,-0.083758,0.783306,0.003005,-0.015808,0.387888,0.921566,-0.188685,0.051789,0.205181,1.175117,-0.038452,-0.247712,-0.142028,0.001479,-0.479273,0.327848,-0.301682,0.002490,-0.091078,-0.031662,0.120092,-0.075662,0.309531,-0.159511,0.538764,0.457130,0.332207,0.251926,0.418512,-0.271936,-0.131444,0.343730,-0.670223,0.417694,-0.154099
0.979077,-0.083587,0.781847,0.000450,-0.016853,0.390337,0.920518,-0.257286,0.092084,0.102349,1.264389,-0.109244,-0.244898,-0.147747,0.006871,-0.478948,0.344354,-0.310328,-0.022658,-0.067936,-0.040505,0.119991,-0.110379,0.299653,-0.098074,0.452773,0.451526,0.280559,0.313839,0.418470,-0.361684,-0.126134,0.309518,-0.706632,0.407087,-0.191109
0.981924,-0.082722,0.780393,-0.002851,-0.021664,0.393437,0.919092,-0.315920,0.127480,0.036456,1.303704,-0.169882,-0.181346,-0.134480,0.022287,-0.480901,0.341106,-0.322500,-0.040722,-0.047347,-0.048477,0.119401,-0.120501,0.254447,-0.031991,0.386917,0.434350,0.243889,0.359969,0.409855,-0.420797,-0.133059,0.300512,-0.743534,0.415371,-0.192602
0.984965,-0.081012,0.778929,-0.006269,-0.027129,0.393044,0.919098,-0.357420,0.135777,-0.011399,1.284048,-0.263098,-0.102554,-0.120826,0.034976,-0.484183,0.341571,-0.332262,-0.046720,-0.026525,-0.056480,0.118759,-0.115737,0.190806,0.029792,0.332774,0.401217,0.220258,0.377046,0.390110,-0.436426,-0.157721,0.293676,-0.746075,0.438800,-0.167072
0.988217,-0.078722,0.777340,-0.009984,-0.032719,0.389218,0.920510,-0.382682,0.107665,-0.070256,1.223932,-0.347619,-0.061804,-0.110658,0.048353,-0.483786,0.346883,-0.335462,-0.053958,-0.004546,-0.064513,0.118263,-0.096867,0.141166,0.070031,0.290626,0.383731,0.200022,0.382954,0.360467,-0.428965,-0.179336,0.282667,-0.720599,0.451629,-0.138193
0.991627,-0.075815,0.775482,-0.012866,-0.036957,0.381503,0.923539,-0.390401,0.058390,-0.136441,1.125788,-0.417991,-0.092732,-0.111965,0.059504,-0.471005,0.369920,-0.344294,-0.073125,0.014587,-0.072322,0.118792,-0.074665,0.104917,0.088747,0.261791,0.386464,0.183450,0.388332,0.333437,-0.422741,-0.170223,0.259536,-0.709464,0.450487,-0.119611
0.995573,-0.072241,0.773554,-0.014477,-0.041352,0.370206,0.927916,-0.375832,0.020024,-0.189364,0.994717,-0.468593,-0.135272,-0.114878,0.069275,-0.449765,0.402571,-0.362463,-0.082347,0.028760,-0.079371,0.119410,-0.040474,0.074246,0.097531,0.247813,0.392304,0.178646,0.385426,0.308548,-0.417578,-0.131892,0.231665,-0.712615,0.420214,-0.120688
1.000253,-0.068232,0.772003,-0.014989,-0.046297,0.355492,0.933412,-0.335009,-0.004775,-0.226156,0.843696,-0.481403,-0.178242,-0.110251,0.080172,-0.423465,0.428733,-0.383911,-0.073692,0.039273,-0.084845,0.119413,-0.000691,0.040776,0.099974,0.243452,0.391902,0.185685,0.383231,0.292306,-0.399666,-0.076065,0.202978,-0.728695,0.388921,-0.149278
1.005372,-0.064132,0.770874,-0.013949,-0.052625,0.338041,0.939555,-0.272842,-0.010923,-0.226352,0.705275,-0.456653,-0.189250,-0.096670,0.090534,-0.393755,0.447214,-0.407368,-0.044052,0.046786,-0.088810,0.119699,0.054568,0.007886,0.100977,0.255268,0.390303,0.189981,0.384160,0.276104,-0.359496,-0.013218,0.184966,-0.732038,0.369521,-0.173005
1.010432,-0.060342,0.769637,-0.009398,-0.058566,0.319684,0.945666,-0.217180,-0.005793,-0.189318,0.637320,-0.405717,-0.045774,-0.078893,0.097068,-0.359439,0.457358,-0.422236,-0.024302,0.052181,-0.092423,0.122835,0.108289,-0.033595,0.106357,0.282092,0.388395,0.194190,0.396150,0.268745,-0.306027,0.052333,0.172854,-0.733472,0.359824,-0.168044
1.014883,-0.056261,0.768916,-0.004269,-0.064888,0.302236,0.951012,-0.173922,0.014374,-0.135508,0.610384,-0.416847,-0.038008,-0.063225,0.099109,-0.324811,0.473914,-0.437167,-0.008237,0.057267,-0.096056,0.128211,0.152721,-0.088045,0.123033,0.311386,0.375041,0.190039,0.445243,0.275786,-0.232606,0.106244,0.158646,-0.728024,0.359862,-0.149453
1.019088,-0.052185,0.766340,-0.000466,-0.070996,0.284643,0.956001,-0.140776,0.027741,-0.098344,0.603862,-0.425231,-0.037735,-0.047622,0.102128,-0.291435,0.488735,-0.450341,0.012624,0.063728,-0.098403,0.132820,0.184652,-0.140848,0.144203,0.338374,0.371765,0.183346,0.514437,0.299333,-0.145731,0.146280,0.140578,-0.745209,0.357374,-0.156389
1.022537,-0.048421,0.765473,0.002723,-0.074905,0.264885,0.961362,-0.116317,0.040713,-0.057706,0.602166,-0.436737,-0.038629,-0.035474,0.105777,-0.255056,0.497436,-0.455846,0.030607,0.067753,-0.097171,0.134611,0.205518,-0.190631,0.175731,0.348486,0.321724,0.186225,0.513873,0.325718,-0.051834,0.156485,0.117199,-0.764101,0.357480,-0.234882
1.025308,-0.044685,0.765546,0.006239,-0.076515,0.240547,0.967597,-0.091760,0.054095,-0.007132,0.591332,-0.444075,-0.040528,-0.026069,0.110243,-0.209802,0.499004,-0.456792,0.053278,0.066110,-0.091831,0.132485,0.216271,-0.201723,0.211719,0.357223,0.286108,0.185602,0.515740,0.343255,0.019174,0.155425,0.092623,-0.747188,0.336543,-0.330625
1.027403,-0.040299,0.766659,0.010407,-0.076442,0.209947,0.974664,-0.060758,0.064660,0.053892,0.564146,-0.442236,-0.043059,-0.016675,0.113423,-0.153207,0.492498,-0.455043,0.080617,0.058688,-0.082093,0.125806,0.221402,-0.178579,0.240030,0.364551,0.284203,0.196876,0.541242,0.345018,0.026542,0.159257,0.062636,-0.749996,0.298671,-0.383211
1.029026,-0.034756,0.768258,0.015021,-0.074577,0.172620,0.982046,-0.026326,0.071279,0.128033,0.528281,-0.434681,-0.043310,-0.010942,0.113615,-0.085288,0.485112,-0.452716,0.118205,0.047023,-0.067656,0.114776,0.236944,-0.130031,0.242666,0.374933,0.298778,0.213025,0.529729,0.321177,0.008560,0.146591,0.009988,-0.742238,0.255106,-0.431172
1.030657,-0.028165,0.769498,0.020559,-0.071466,0.129894,0.988735,0.003436,0.072441,0.209623,0.502713,-0.424865,-0.042043,-0.011299,0.110679,-0.009675,0.484478,-0.450830,0.153113,0.033188,-0.047865,0.101473,0.260259,-0.059650,0.210206,0.393736,0.325714,0.232635,0.473200,0.273859,-0.013341,0.130703,-0.061096,-0.707762,0.219480,-0.458445
1.032719,-0.020793,0.769767,0.026852,-0.069088,0.084603,0.993654,0.019569,0.065694,0.274271,0.509395,-0.415222,-0.042532,-0.017815,0.108070,0.071295,0.499349,-0.453035,0.179722,0.019419,-0.023565,0.089685,0.304865,0.024021,0.147847,0.433817,0.363148,0.250545,0.394304,0.210760,-0.046893,0.126761,-0.148870,-0.685269,0.175713,-0.471539
1.035716,-0.012281,0.770117,0.032297,-0.069116,0.038611,0.996338,0.022089,0.053550,0.306725,0.552273,-0.413652,-0.046085,-0.030255,0.110874,0.152993,0.536489,-0.459244,0.188635,0.007100,0.004381,0.082985,0.357985,0.107268,0.062513,0.484452,0.400712,0.270576,0.313488,0.138212,-0.076341,0.131795,-0.242613,-0.685215,0.128024,-0.496276
1.039629,-0.003506,0.767262,0.038248,-0.072361,-0.007247,0.996619,0.017840,0.041027,0.336022,0.618578,-0.414382,-0.042748,-0.050740,0.120402,0.231449,0.606986,-0.473907,0.168744,-0.004857,0.033193,0.082441,0.414579,0.178876,-0.034425,0.530687,0.448148,0.290524,0.245455,0.059826,-0.087573,0.151942,-0.331574,-0.667674,0.082133,-0.515929
1.044487,0.005236,0.761151,0.045611,-0.079371,-0.050316,0.994529,0.016898,0.032133,0.382094,0.693765,-0.424716,-0.041804,-0.076923,0.131919,0.297891,0.709998,-0.498476,0.129229,-0.016057,0.060738,0.087113,0.467094,0.219757,-0.125866,0.568179,0.488543,0.309021,0.197704,-0.020151,-0.094287,0.183153,-0.404958,-0.655346,0.046192,-0.509294
1.050319,0.013505,0.752188,0.052816,-0.089049,-0.087208,0.990795,0.019568,0.027541,0.435969,0.773584,-0.440843,-0.037453,-0.103552,0.141944,0.343689,0.829208,-0.526508,0.084292,-0.025702,0.084796,0.094966,0.507079,0.228089,-0.200820,0.597725,0.521748,0.339527,0.174308,-0.087593,-0.092596,0.215023,-0.464522,-0.674941,0.016955,-0.494363
1.057011,0.021258,0.740998,0.059261,-0.101592,-0.117094,0.986132,0.027138,0.026826,0.491472,0.858286,-0.464008,-0.022614,-0.129503,0.147320,0.357119,0.958533,-0.554216,0.027452,-0.032345,0.104065,0.105312,0.532393,0.203580,-0.241605,0.620400,0.538265,0.368543,0.176470,-0.126973,-0.067911,0.250962,-0.516814,-0.693804,-0.002772,-0.476308
1.063889,0.027357,0.728542,0.064324,-0.115082,-0.137860,0.981638,0.043106,0.030493,0.550623,0.935578,-0.497194,0.008923,-0.155903,0.144979,0.343408,1.089301,-0.576545,-0.036892,-0.035679,0.118396,0.116753,0.540699,0.157066,-0.256803,0.640892,0.544007,0.392998,0.206524,-0.128658,-0.027710,0.294922,-0.569604,-0.691534,-0.027827,-0.464610
1.070593,0.031804,0.714674,0.067901,-0.130094,-0.149941,0.977744,0.065741,0.040930,0.608631,1.013636,-0.533333,0.056469,-0.165594,0.143553,0.335641,1.201357,-0.613524,-0.073669,-0.038048,0.129186,0.129171,0.539938,0.096124,-0.270585,0.659612,0.538717,0.407093,0.236573,-0.092722,0.010174,0.333734,-0.616394,-0.708488,-0.054581,-0.472879
1.076400,0.035123,0.700108,0.069725,-0.146071,-0.153586,0.974789,0.080358,0.047571,0.632461,1.097264,-0.574851,0.088049,-0.158875,0.152582,0.349216,1.298000,-0.656241,-0.074722,-0.039190,0.137680,0.141725,0.532664,0.043811,-0.313625,0.677163,0.544363,0.400969,0.250529,-0.030803,0.041646,0.372973,-0.650177,-0.725799,-0.078725,-0.483480
1.080952,0.037798,0.686534,0.070043,-0.161209,-0.157389,0.971769,0.092148,0.052906,0.642658,1.174562,-0.614587,0.117604,-0.152764,0.152016,0.350309,1.379246,-0.690929,-0.065292,-0.038080,0.145965,0.155744,0.533000,0.009734,-0.380961,0.694224,0.566283,0.380604,0.255527,0.015371,0.056173,0.407102,-0.665325,-0.731720,-0.095879,-0.490661
1.083916,0.040153,0.675883,0.068699,-0.171408,-0.161698,0.969409,0.096921,0.061448,0.651283,1.237167,-0.641713,0.140722,-0.155913,0.152038,0.348316,1.443613,-0.708462,-0.051564,-0.035605,0.153018,0.170098,0.533982,-0.010002,-0.433499,0.699742,0.577123,0.357127,0.262850,0.023264,0.047618,0.418884,-0.666369,-0.763213,-0.101588,-0.499090
1.085187,0.041852,0.669430,0.066859,-0.177103,-0.164259,0.968082,0.095088,0.070333,0.656473,1.279491,-0.655410,0.167342,-0.157294,0.152230,0.346812,1.477011,-0.722676,-0.039426,-0.032219,0.158976,0.182812,0.537538,-0.015271,-0.458035,0.693208,0.560375,0.329382,0.260591,0.010100,0.035700,0.420686,-0.666613,-0.776752,-0.099244,-0.496847
1.084943,0.043088,0.668256,0.060834,-0.178145,-0.162880,0.968522,0.092894,0.080421,0.652443,1.289240,-0.667275,0.173012,-0.155781,0.155799,0.337797,1.475974,-0.724359,-0.033228,-0.028581,0.164606,0.193603,0.529685,-0.000770,-0.459360,0.691859,0.543745,0.328819,0.255919,-0.000202,0.033390,0.416416,-0.667528,-0.763882,-0.093726,-0.507053
1.083038,0.043577,0.672179,0.053972,-0.172568,-0.159834,0.970443,0.084204,0.090554,0.642640,1.272516,-0.671302,0.160636,-0.160641,0.162019,0.325706,1.449741,-0.714138,-0.030819,-0.025792,0.169571,0.201876,0.506432,0.026924,-0.453723,0.692563,0.552591,0.339207,0.264625,-0.014215,0.024106,0.395299,-0.665383,-0.781497,-0.083869,-0.518743
1.079463,0.043472,0.681526,0.044503,-0.161077,-0.153547,0.973908,0.066047,0.106154,0.625723,1.234538,-0.656346,0.146910,-0.167361,0.172340,0.308782,1.391916,-0.689632,-0.033362,-0.024492,0.172021,0.208414,0.477443,0.064184,-0.424233,0.684072,0.561850,0.340929,0.283667,-0.032892,0.009020,0.369644,-0.651124,-0.812242,-0.066126,-0.505264
1.074544,0.043036,0.696271,0.033841,-0.145130,-0.144241,0.978257,0.042231,0.122134,0.603877,1.172693,-0.617345,0.128227,-0.173952,0.181357,0.288161,1.303462,-0.642021,-0.034541,-0.025106,0.172740,0.212896,0.436545,0.102159,-0.365622,0.666661,0.550718,0.340420,0.300040,-0.059265,-0.011687,0.341512,-0.620303,-0.847056,-0.033780,-0.472374
1.068724,0.042051,0.715459,0.023842,-0.126063,-0.129910,0.983190,0.014044,0.135868,0.577994,1.092463,-0.546475,0.112775,-0.178989,0.187813,0.266495,1.193165,-0.568876,-0.035360,-0.027882,0.170288,0.213821,0.389376,0.136110,-0.287827,0.646459,0.525772,0.340784,0.329017,-0.088179,-0.048360,0.303035,-0.567218,-0.889618,0.016026,-0.397705
1.062572,0.040608,0.738141,0.012760,-0.107546,-0.107689,0.988268,-0.011121,0.145607,0.543692,0.994521,-0.438972,0.107466,-0.175802,0.189639,0.235755,1.062970,-0.460441,-0.040341,-0.031614,0.164551,0.211316,0.330425,0.167599,-0.217431,0.627681,0.500032,0.336213,0.354875,-0.109017,-0.099684,0.257197,-0.493176,-0.940668,0.081668,-0.280867
1.056544,0.038597,0.761473,0.004285,-0.090083,-0.081940,0.992548,-0.028032,0.144857,0.505361,0.879702,-0.315356,0.085017,-0.165847,0.182463,0.200510,0.923169,-0.338217,-0.045222,-0.035317,0.153901,0.205532,0.267000,0.195722,-0.164708,0.611020,0.478926,0.332712,0.359477,-0.119935,-0.166108,0.223234,-0.399259,-0.985288,0.138428,-0.127819
1.051039,0.036025,0.782746,-0.001654,-0.072855,-0.054087,0.995873,-0.037265,0.131674,0.456980,0.753950,-0.196395,0.048407,-0.152699,0.167276,0.157231,0.781517,-0.215649,-0.048448,-0.038019,0.137460,0.195770,0.203487,0.220545,-0.125784,0.589106,0.450434,0.309412,0.347970,-0.124890,-0.235025,0.204754,-0.293601,-1.005003,0.183528,0.022868
1.046391,0.033162,0.799866,-0.006865,-0.056748,-0.022875,0.998103,-0.043240,0.110157,0.388646,0.632729,-0.097261,0.000360,-0.134979,0.143007,0.088763,0.644147,-0.104237,-0.059936,-0.039477,0.116824,0.183286,0.138421,0.251660,-0.118676,0.569995,0.442265,0.301594,0.309834,-0.116323,-0.301702,0.199060,-0.185894,-1.021827,0.207799,0.134310
1.042827,0.030116,0.811745,-0.009804,-0.042297,0.010066,0.999006,-0.044292,0.082852,0.312200,0.522530,-0.024558,-0.034004,-0.116067,0.117139,0.014313,0.525672,-0.016836,-0.061300,-0.041247,0.094499,0.169284,0.078833,0.277051,-0.130436,0.543862,0.442658,0.294267,0.261905,-0.093329,-0.358424,0.208360,-0.081399,-1.001041,0.225393,0.224638
1.040476,0.026833,0.817784,-0.011697,-0.030844,0.041952,0.998575,-0.041139,0.059430,0.242677,0.437054,0.011114,-0.050149,-0.100777,0.100248,-0.042699,0.440344,0.035389,-0.054044,-0.043756,0.071919,0.156358,0.034347,0.290046,-0.146055,0.512269,0.448684,0.288291,0.232502,-0.061496,-0.419447,0.243460,0.007052,-0.995286,0.225417,0.301129
1.038952,0.023098,0.817173,-0.013563,-0.023387,0.071864,0.997048,-0.048667,0.046155,0.181418,0.408220,-0.010990,-0.058295,-0.089518,0.091684,-0.086279,0.392356,0.026924,-0.043846,-0.044956,0.049986,0.145908,-0.001709,0.288054,-0.166209,0.475611,0.455394,0.289729,0.195318,-0.021783,-0.479470,0.300223,0.064013,-1.027285,0.211174,0.341174
1.038131,0.018729,0.810728,-0.017010,-0.021229,0.101772,0.994436,-0.080948,0.045214,0.118595,0.459671,-0.089381,-0.076850,-0.080159,0.089328,-0.139761,0.379877,-0.030148,-0.050205,-0.045733,0.028521,0.139879,-0.021108,0.272691,-0.176675,0.431291,0.451117,0.289522,0.155251,0.029941,-0.500507,0.346505,0.102623,-1.031766,0.206918,0.351165
1.037681,0.014345,0.800278,-0.023876,-0.023718,0.133430,0.990487,-0.147305,0.049117,0.039620,0.592903,-0.184832,-0.108937,-0.078838,0.094096,-0.200275,0.404485,-0.116174,-0.063057,-0.048204,0.008778,0.141722,-0.023774,0.249788,-0.171685,0.384488,0.446939,0.278703,0.116631,0.098133,-0.474955,0.361671,0.119214,-0.995659,0.220743,0.346468
1.037351,0.010881,0.788398,-0.030752,-0.029483,0.163494,0.985624,-0.233398,0.040578,-0.050215,0.770373,-0.244354,-0.167324,-0.078053,0.097972,-0.254523,0.442680,-0.212231,-0.062089,-0.052301,-0.005833,0.149518,-0.010295,0.213957,-0.162207,0.341734,0.460066,0.276794,0.098976,0.175170,-0.414629,0.347421,0.123102,-0.958500,0.244059,0.327062
1.036662,0.009212,0.778735,-0.039324,-0.036160,0.190338,0.980264,-0.318002,0.024699,-0.117993,0.947201,-0.283476,-0.244247,-0.077307,0.103291,-0.301370,0.478013,-0.289839,-0.060000,-0.058569,-0.013526,0.160807,0.018685,0.172597,-0.143868,0.305048,0.488783,0.271973,0.112720,0.238159,-0.327442,0.323072,0.118793,-0.952862,0.271711,0.288616
1.035040,0.009346,0.768383,-0.046446,-0.041055,0.206993,0.976376,-0.383030,0.022096,-0.137802,1.086455,-0.316944,-0.247686,-0.077033,0.106119,-0.336574,0.493838,-0.336665,-0.057518,-0.065802,-0.017770,0.171907,0.067637,0.122737,-0.109398,0.273153,0.508820,0.264873,0.160703,0.293609,-0.229857,0.287301,0.122584,-0.963592,0.290282,0.226820
1.032196,0.011123,0.766587,-0.050493,-0.041660,0.206738,0.976204,-0.420929,0.037787,-0.185481,1.159855,-0.342688,-0.247823,-0.081771,0.108687,-0.345014,0.495174,-0.338968,-0.055058,-0.064201,-0.023062,0.179493,0.129793,0.067196,-0.069532,0.250100,0.505294,0.257050,0.226132,0.328391,-0.137114,0.247928,0.147206,-0.962395,0.311587,0.151361
1.027962,0.015128,0.772837,-0.053721,-0.038029,0.195614,0.978470,-0.428426,0.022052,-0.251612,1.166175,-0.330528,-0.247823,-0.096810,0.109357,-0.332834,0.493618,-0.303400,-0.050346,-0.056245,-0.029747,0.182993,0.193604,0.015134,-0.031829,0.245021,0.473743,0.257859,0.286997,0.340515,-0.068830,0.220848,0.199481,-0.942986,0.337434,0.068569
1.022512,0.020940,0.780503,-0.054752,-0.030919,0.179409,0.981763,-0.404149,-0.014929,-0.325473,1.107881,-0.285840,-0.247825,-0.114366,0.105335,-0.307984,0.474592,-0.241051,-0.044050,-0.044722,-0.039004,0.181045,0.257639,-0.020406,-0.006394,0.259793,0.432939,0.271422,0.331263,0.329060,-0.036182,0.215134,0.288837,-0.906476,0.364188,-0.006378
1.016288,0.028208,0.789612,-0.053283,-0.019935,0.157659,0.985853,-0.346025,-0.073161,-0.421814,0.995840,-0.214358,-0.247728,-0.135764,0.098629,-0.269144,0.442524,-0.162317,-0.037011,-0.028288,-0.052722,0.173285,0.300964,-0.036769,-0.001189,0.296264,0.412886,0.296540,0.356849,0.315161,-0.038730,0.241974,0.386568,-0.883075,0.386914,-0.043765
1.009638,0.036125,0.798693,-0.047860,-0.006948,0.125730,0.990885,-0.263729,-0.114904,-0.545277,0.848776,-0.146150,-0.245304,-0.161198,0.092273,-0.211589,0.406059,-0.080622,-0.032436,-0.003456,-0.069718,0.160903,0.331079,-0.047993,-0.002352,0.340277,0.393699,0.312956,0.350966,0.295930,-0.067856,0.297360,0.475602,-0.875780,0.397760,-0.030934
1.002535,0.044284,0.804667,-0.043493,0.004987,0.086478,0.995291,-0.199954,-0.093634,-0.590538,0.699716,-0.120567,-0.189068,-0.192508,0.094881,-0.144709,0.379709,-0.012610,-0.032538,0.022596,-0.084213,0.149299,0.352810,-0.062992,0.008847,0.377632,0.364740,0.311205,0.316985,0.273529,-0.106414,0.358503,0.537235,-0.872333,0.392077,0.009542
0.995637,0.052597,0.808095,-0.041489,0.013112,0.045141,0.998033,-0.164674,-0.038522,-0.474272,0.573319,-0.130403,-0.076544,-0.221152,0.106272,-0.080027,0.365237,0.029922,-0.033965,0.037750,-0.094907,0.140459,0.364143,-0.088791,0.048990,0.393563,0.336606,0.307880,0.325547,0.257347,-0.140660,0.404193,0.554027,-0.869994,0.383301,0.050797
0.988787,0.060847,0.807560,-0.037145,0.019042,0.005114,0.999115,-0.137387,0.003492,-0.340544,0.476478,-0.148402,-0.029513,-0.242943,0.111151,-0.035823,0.358743,0.027924,-0.034283,0.047196,-0.106023,0.133576,0.378349,-0.114937,0.094383,0.399832,0.315857,0.296641,0.377855,0.236540,-0.171847,0.416104,0.534998,-0.853885,0.391833,0.085108
0.982554,0.069314,0.803312,-0.029737,0.020825,-0.031215,0.998853,-0.112595,0.017215,-0.247323,0.415434,-0.182332,-0.029666,-0.259517,0.101138,-0.028124,0.371443,-0.020240,-0.035443,0.052083,-0.118692,0.129030,0.376972,-0.127191,0.113486,0.422513,0.306205,0.301154,0.402691,0.231920,-0.189282,0.408057,0.495405,-0.824931,0.397451,0.077261
0.977358,0.077900,0.796271,-0.019880,0.016567,-0.066640,0.997441,-0.084323,0.017011,-0.163683,0.380591,-0.232480,-0.043622,-0.270610,0.085725,-0.023292,0.403681,-0.097140,-0.033388,0.050376,-0.130960,0.127758,0.360366,-0.117249,0.110489,0.470614,0.319375,0.309410,0.388702,0.235061,-0.208192,0.397888,0.454998,-0.795601,0.393432,0.049765
0.973148,0.087133,0.787100,-0.008308,0.008095,-0.104523,0.994455,-0.058167,0.004585,-0.079349,0.373074,-0.297813,-0.045432,-0.287405,0.068541,-0.001806,0.463950,-0.197442,-0.010780,0.045913,-0.140312,0.129891,0.340389,-0.095203,0.081780,0.516414,0.356066,0.330688,0.349223,0.223859,-0.225085,0.395126,0.433800,-0.765468,0.386054,0.021160
0.969174,0.097142,0.778057,0.005059,-0.005154,-0.144836,0.989429,-0.040226,-0.017690,0.020615,0.393749,-0.353579,-0.009470,-0.314733,0.049274,0.034334,0.548434,-0.284779,0.008496,0.041375,-0.146191,0.136093,0.320664,-0.079863,0.053645,0.557417,0.384799,0.335554,0.306542,0.214880,-0.241652,0.396960,0.410800,-0.742899,0.377464,-0.000382
0.965236,0.107003,0.769977,0.017704,-0.021165,-0.185156,0.982322,-0.029812,-0.039607,0.122378,0.435193,-0.401831,0.029404,-0.350340,0.034868,0.082253,0.643599,-0.327170,0.035353,0.039411,-0.148612,0.148180,0.297993,-0.070938,0.030725,0.591530,0.409555,0.324202,0.280910,0.206475,-0.253276,0.396104,0.387782,-0.731132,0.367220,-0.024580
0.960807,0.115706,0.761716,0.028492,-0.037839,-0.224097,0.973415,-0.027177,-0.057587,0.199448,0.488360,-0.450842,0.047664,-0.392360,0.021121,0.109623,0.746831,-0.352550,0.048771,0.039625,-0.150175,0.166537,0.278039,-0.068802,0.016963,0.609290,0.427374,0.326947,0.277811,0.200842,-0.248558,0.385849,0.370924,-0.728973,0.362812,-0.061276
0.956153,0.123892,0.756565,0.037273,-0.054277,-0.256771,0.964227,-0.021420,-0.072253,0.262423,0.525903,-0.482392,0.055609,-0.429098,-0.025001,0.068282,0.849953,-0.357392,0.067588,0.039162,-0.151111,0.186967,0.246060,-0.064371,0.004214,0.629400,0.444578,0.344187,0.274736,0.206548,-0.233034,0.356430,0.362288,-0.728219,0.367813,-0.113271
0.951143,0.131342,0.753380,0.044359,-0.067788,-0.279284,0.956785,-0.011224,-0.087108,0.312104,0.533656,-0.483946,0.065106,-0.453331,-0.071107,0.042221,0.939888,-0.347357,0.045769,0.033930,-0.148469,0.205630,0.205864,-0.053633,-0.018559,0.646421,0.465724,0.348568,0.255432,0.216621,-0.210943,0.317953,0.363686,-0.728630,0.379159,-0.167349
0.945252,0.137504,0.752894,0.046709,-0.077075,-0.294973,0.951246,0.000484,-0.093452,0.345572,0.520891,-0.471542,0.074033,-0.465743,-0.097172,0.035472,1.013543,-0.310650,0.008249,0.023843,-0.141070,0.220344,0.169156,-0.030521,-0.039008,0.663714,0.489505,0.334580,0.237658,0.232127,-0.184435,0.282077,0.375415,-0.729818,0.387767,-0.206229
0.938230,0.142438,0.754447,0.046223,-0.080785,-0.304310,0.948015,0.004934,-0.092059,0.364974,0.499131,-0.450490,0.078272,-0.472101,-0.105280,0.047153,1.077394,-0.265304,0.000385,0.009069,-0.128342,0.230202,0.125018,-0.003527,-0.059405,0.670458,0.515598,0.325792,0.222291,0.248999,-0.152474,0.241957,0.392992,-0.722838,0.388702,-0.233792
0.930392,0.146102,0.757264,0.044075,-0.078720,-0.308470,0.946946,0.000516,-0.084463,0.371949,0.473326,-0.426404,0.077481,-0.471244,-0.095203,0.074485,1.128670,-0.237542,0.034450,-0.008977,-0.109933,0.233823,0.088658,0.028550,-0.088120,0.659925,0.546762,0.313324,0.213926,0.263532,-0.123446,0.195387,0.405402,-0.710591,0.382202,-0.252492
0.921989,0.148784,0.761071,0.040799,-0.071668,-0.309482,0.947323,-0.010695,-0.072314,0.370397,0.442303,-0.397423,0.073145,-0.462448,-0.072553,0.114396,1.159126,-0.222476,0.107263,-0.028687,-0.086248,0.231315,0.056378,0.061978,-0.119355,0.641312,0.569913,0.295397,0.204618,0.282156,-0.097660,0.151299,0.405244,-0.695638,0.373495,-0.266304
0.913289,0.150782,0.765216,0.036727,-0.061754,-0.308441,0.948526,-0.029417,-0.056763,0.362471,0.415928,-0.366302,0.068578,-0.445179,-0.037300,0.168799,1.167730,-0.212839,0.172023,-0.048768,-0.058895,0.223986,0.035855,0.097417,-0.149159,0.613427,0.578852,0.278430,0.196736,0.294835,-0.077276,0.117500,0.407962,-0.682467,0.364997,-0.273634
0.904472,0.152040,0.768965,0.033619,-0.050652,-0.304491,0.950573,-0.057238,-0.041508,0.347447,0.401917,-0.337553,0.062095,-0.419264,-0.003432,0.226438,1.154886,-0.216727,0.223866,-0.067598,-0.030145,0.213742,0.023177,0.138101,-0.178112,0.570324,0.578128,0.270725,0.182146,0.296698,-0.062534,0.092020,0.420149,-0.671585,0.357345,-0.274076
0.895770,0.152565,0.772358,0.031856,-0.039558,-0.296379,0.953719,-0.089019,-0.030858,0.323214,0.393186,-0.309990,0.054453,-0.384700,0.019362,0.272064,1.115611,-0.223627,0.245914,-0.083200,-0.002133,0.202215,0.009786,0.173842,-0.209800,0.530761,0.574014,0.268717,0.173104,0.305179,-0.051011,0.072347,0.425219,-0.670223,0.346747,-0.269943
0.887323,0.152316,0.775835,0.030605,-0.029719,-0.285819,0.957334,-0.117157,-0.024958,0.291557,0.381860,-0.281456,0.044697,-0.336959,0.035501,0.302271,1.042851,-0.214593,0.247594,-0.095119,0.023898,0.189854,-0.002887,0.203549,-0.238676,0.497776,0.563633,0.277202,0.165713,0.316892,-0.038578,0.053925,0.425209,-0.676677,0.332159,-0.266581
0.879250,0.151456,0.779645,0.028662,-0.020858,-0.269765,0.962273,-0.138313,-0.024264,0.251325,0.360593,-0.250469,0.035421,-0.274794,0.054740,0.367402,0.933246,-0.194995,0.243985,-0.108969,0.047535,0.177310,-0.010736,0.224537,-0.259921,0.465070,0.543846,0.282391,0.163202,0.326476,-0.020268,0.032796,0.424235,-0.683778,0.325239,-0.268241
0.870914,0.149884,0.782146,0.029193,-0.013969,-0.248613,0.968062,-0.158731,-0.032330,0.206451,0.339960,-0.220096,0.028066,-0.205886,0.051164,0.404168,0.802318,-0.227582,0.161931,-0.121121,0.065877,0.164994,-0.016927,0.238387,-0.282402,0.436795,0.527768,0.293121,0.162093,0.332211,0.001713,0.008931,0.424045,-0.685648,0.322713,-0.267949
0.861874,0.146802,0.781415,0.034046,-0.009764,-0.224485,0.973834,-0.188024,-0.048684,0.158942,0.340050,-0.200461,0.021333,-0.154463,0.001767,0.328370,0.683331,-0.322196,0.086428,-0.127281,0.075882,0.154019,-0.019907,0.237666,-0.300624,0.409435,0.506820,0.297738,0.173629,0.333835,0.021337,-0.014381,0.423232,-0.694920,0.330465,-0.261043
0.852988,0.142908,0.779806,0.035628,-0.005914,-0.191109,0.980904,-0.213171,-0.066885,0.097065,0.335526,-0.189290,0.009480,-0.110663,-0.041630,0.216213,0.580282,-0.377801,0.049048,-0.129905,0.080790,0.142549,-0.024292,0.229719,-0.320234,0.389487,0.483807,0.299429,0.187664,0.329129,0.045198,-0.033471,0.426791,-0.713217,0.356191,-0.243521
0.844288,0.137602,0.777066,0.034108,-0.005323,-0.153628,0.987526,-0.238568,-0.081562,0.030984,0.351425,-0.199393,-0.015318,-0.069094,-0.065400,0.106454,0.499523,-0.411490,0.031236,-0.129125,0.082532,0.131791,-0.025054,0.218683,-0.339502,0.380269,0.468781,0.306836,0.205461,0.316887,0.069051,-0.038598,0.435177,-0.725687,0.395411,-0.201314
0.835935,0.131124,0.776189,0.026796,-0.009516,-0.113902,0.993085,-0.275002,-0.089004,-0.038794,0.412573,-0.240896,-0.056651,-0.033578,-0.062972,0.019384,0.459253,-0.431351,0.024115,-0.124091,0.083385,0.124883,-0.016926,0.205787,-0.354107,0.377285,0.466681,0.307426,0.233188,0.292872,0.081969,-0.017839,0.442364,-0.735743,0.442563,-0.122282
0.828242,0.123255,0.771732,0.013029,-0.018381,-0.074125,0.996994,-0.325026,-0.086951,-0.106479,0.531061,-0.303556,-0.105251,-0.008053,-0.039789,-0.058719,0.459319,-0.452595,0.016568,-0.115607,0.085502,0.122222,0.000021,0.185443,-0.351849,0.385237,0.469719,0.308694,0.275659,0.256458,0.072706,0.037690,0.433875,-0.770617,0.461406,-0.040929
0.820958,0.114062,0.766421,-0.005222,-0.031352,-0.035393,0.998868,-0.375898,-0.074196,-0.154858,0.690622,-0.354415,-0.124462,0.007572,-0.005786,-0.139135,0.491202,-0.481512,0.004406,-0.105973,0.086273,0.121163,0.023867,0.151827,-0.325459,0.403630,0.457823,0.316864,0.324409,0.215512,0.060861,0.073247,0.375396,-0.780850,0.428944,-0.059134
0.814597,0.104035,0.759670,-0.022973,-0.045450,-0.003937,0.998695,-0.415835,-0.052849,-0.184740,0.872206,-0.368568,-0.151984,0.016846,0.030942,-0.208718,0.528344,-0.502560,-0.010922,-0.094433,0.083003,0.119144,0.065561,0.112140,-0.276880,0.423837,0.419475,0.334302,0.361821,0.174519,0.042150,0.089048,0.305825,-0.767789,0.365980,-0.139573
0.809831,0.094125,0.753847,-0.037487,-0.058108,0.019482,0.997416,-0.431278,-0.036316,-0.211547,1.040191,-0.351467,-0.170078,0.024999,0.065354,-0.261079,0.554311,-0.513239,-0.027773,-0.079760,0.072053,0.112845,0.109080,0.079058,-0.224717,0.446667,0.380598,0.354094,0.395249,0.116359,0.017579,0.100797,0.226309,-0.749192,0.318893,-0.208356
0.806964,0.085024,0.750375,-0.046009,-0.067993,0.037725,0.995910,-0.414133,-0.036842,-0.241083,1.159044,-0.308457,-0.232117,0.040145,0.090438,-0.300365,0.554689,-0.514213,-0.041370,-0.060950,0.052437,0.101640,0.158384,0.064507,-0.183865,0.463269,0.352831,0.357077,0.406175,0.063947,-0.013873,0.101503,0.135524,-0.747461,0.283977,-0.272410
0.805674,0.077058,0.748392,-0.052925,-0.075929,0.054729,0.994202,-0.365263,-0.053841,-0.250649,1.215316,-0.275104,-0.247046,0.056402,0.110545,-0.335195,0.548681,-0.513525,-0.046566,-0.039890,0.024477,0.088543,0.201519,0.057682,-0.144810,0.471887,0.343463,0.355470,0.408953,0.021404,-0.047259,0.099290,0.036177,-0.745007,0.247927,-0.342027
0.805469,0.069585,0.748014,-0.056086,-0.084318,0.067091,0.992594,-0.299628,-0.049200,-0.258730,1.209079,-0.223316,-0.244297,0.073934,0.124909,-0.358140,0.545783,-0.515206,-0.038414,-0.015893,-0.009242,0.076528,0.248448,0.052377,-0.095064,0.467193,0.341452,0.348589,0.414436,-0.007147,-0.085835,0.096584,-0.059214,-0.749761,0.214488,-0.387545
0.805735,0.062814,0.748058,-0.057682,-0.092947,0.073295,0.991293,-0.230173,-0.030834,-0.296508,1.154382,-0.236720,-0.167118,0.081280,0.135452,-0.365968,0.569159,-0.529996,-0.023968,0.009867,-0.041630,0.066794,0.297913,0.029975,-0.025917,0.448741,0.318731,0.334038,0.419664,-0.025388,-0.127655,0.094335,-0.156575,-0.752267,0.187706,-0.386219
0.806197,0.057121,0.744098,-0.057827,-0.104393,0.082736,0.989400,-0.181560,0.012369,-0.257515,1.116649,-0.323332,-0.060742,0.083732,0.138907,-0.376879,0.620423,-0.557860,-0.016809,0.026011,-0.069649,0.062890,0.345380,-0.004708,0.042852,0.424072,0.295713,0.316194,0.430195,-0.031418,-0.163181,0.080626,-0.260895,-0.779922,0.157047,-0.383288
0.806113,0.052878,0.734068,-0.059280,-0.116099,0.094423,0.986961,-0.164671,0.043538,-0.228173,1.138405,-0.413374,-0.028591,0.075089,0.138740,-0.396321,0.698010,-0.596406,-0.030297,0.037442,-0.092400,0.065811,0.379557,-0.038234,0.096355,0.400973,0.290622,0.303975,0.458809,-0.017242,-0.159618,0.057518,-0.376146,-0.789915,0.135200,-0.389194
0.805433,0.049872,0.721192,-0.058389,-0.130811,0.099269,0.984695,-0.153110,0.064040,-0.200060,1.188443,-0.489604,-0.008310,0.065618,0.129684,-0.416072,0.790503,-0.638594,-0.061114,0.046896,-0.108407,0.072769,0.404318,-0.077089,0.138396,0.381875,0.288967,0.293253,0.490911,0.012651,-0.126703,0.057739,-0.488650,-0.786556,0.113622,-0.392787
0.804171,0.048309,0.707544,-0.056695,-0.148808,0.091722,0.982969,-0.126448,0.094823,-0.148033,1.232672,-0.568036,0.014007,0.066875,0.117780,-0.427950,0.876411,-0.689313,-0.087608,0.053113,-0.118865,0.080814,0.433822,-0.123373,0.177157,0.357743,0.279139,0.265139,0.517485,0.043690,-0.073480,0.092468,-0.579992,-0.784131,0.085022,-0.408880
0.802037,0.047546,0.693880,-0.052101,-0.166874,0.077638,0.981535,-0.098042,0.112345,-0.105437,1.277044,-0.638395,0.007378,0.064775,0.114756,-0.404230,0.960405,-0.742600,-0.108098,0.053461,-0.127285,0.090259,0.460054,-0.169033,0.206969,0.337302,0.260568,0.240470,0.547058,0.074090,-0.024550,0.160620,-0.633190,-0.771385,0.066088,-0.430260
0.798648,0.047248,0.682413,-0.047958,-0.185832,0.062272,0.979433,-0.069772,0.123513,-0.076312,1.317915,-0.687068,-0.005207,0.068266,0.115497,-0.376365,1.029068,-0.781315,-0.123605,0.050692,-0.133265,0.101470,0.471414,-0.189710,0.209515,0.338793,0.261316,0.227951,0.559927,0.097140,-0.026880,0.234609,-0.645715,-0.796565,0.045481,-0.426381
0.793660,0.047415,0.675301,-0.044737,-0.200078,0.053289,0.977306,-0.053795,0.133029,-0.053617,1.344265,-0.712118,-0.012885,0.071080,0.111993,-0.360344,1.072419,-0.801238,-0.127951,0.047349,-0.136030,0.114456,0.458046,-0.181547,0.189728,0.357113,0.275033,0.227237,0.542783,0.105747,-0.030439,0.274944,-0.646125,-0.828681,0.041091,-0.449584
0.787062,0.047866,0.673836,-0.039944,-0.206122,0.050857,0.976387,-0.054914,0.128327,-0.041695,1.350318,-0.713045,-0.012691,0.066890,0.100186,-0.353788,1.088652,-0.802473,-0.126469,0.043869,-0.135808,0.128899,0.419168,-0.148232,0.155428,0.380303,0.315078,0.230452,0.524112,0.105602,-0.027340,0.299577,-0.647095,-0.821099,0.056063,-0.471290
0.779027,0.048797,0.679507,-0.038385,-0.207328,0.055114,0.975963,-0.056299,0.120203,-0.043407,1.320230,-0.700442,-0.011266,0.072017,0.090789,-0.360000,1.055282,-0.777195,-0.120477,0.040739,-0.132866,0.142812,0.369024,-0.109805,0.126253,0.391013,0.347684,0.230434,0.513491,0.105334,-0.044318,0.305298,-0.642604,-0.833190,0.065473,-0.468522
0.769274,0.050082,0.691706,-0.036066,-0.200333,0.062115,0.977091,-0.061387,0.108120,-0.046187,1.251316,-0.671598,-0.007239,0.074517,0.078121,-0.372097,0.983890,-0.725524,-0.111528,0.037045,-0.127107,0.152579,0.312763,-0.071261,0.095441,0.394966,0.370978,0.222688,0.491511,0.110554,-0.066648,0.297042,-0.627450,-0.859567,0.073928,-0.443739
0.757386,0.052186,0.708480,-0.032527,-0.185297,0.068894,0.979725,-0.075123,0.093070,-0.043370,1.156246,-0.616647,0.001734,0.068537,0.062887,-0.384395,0.886357,-0.651752,-0.101465,0.032439,-0.119640,0.159367,0.258326,-0.033607,0.068735,0.396225,0.391756,0.222668,0.465365,0.121146,-0.075311,0.277738,-0.603665,-0.876282,0.076559,-0.425253
0.743250,0.055335,0.727661,-0.025152,-0.165615,0.070667,0.983334,-0.089918,0.073200,-0.026810,1.039981,-0.535561,0.000287,0.056780,0.044104,-0.385961,0.770584,-0.559213,-0.090767,0.026207,-0.110992,0.163425,0.209749,-0.002869,0.049280,0.400438,0.410552,0.219369,0.445464,0.133416,-0.089723,0.254011,-0.557980,-0.876910,0.081756,-0.397908
0.727001,0.059567,0.746222,-0.018081,-0.140697,0.069121,0.987471,-0.112650,0.057643,-0.002436,0.917723,-0.459773,-0.041881,0.033333,0.030170,-0.377541,0.644813,-0.449303,-0.081836,0.017870,-0.100511,0.163704,0.168191,0.024393,0.026760,0.401453,0.422070,0.211774,0.426600,0.138129,-0.106027,0.232044,-0.494505,-0.870708,0.104401,-0.341532
0.709225,0.065449,0.763402,-0.011622,-0.114521,0.064966,0.991226,-0.130603,0.052357,0.034947,0.806995,-0.431485,-0.138656,-0.003414,0.014623,-0.361021,0.538916,-0.332648,-0.074121,0.006022,-0.086368,0.161667,0.138182,0.050441,-0.002008,0.406816,0.428051,0.212176,0.397119,0.126874,-0.131900,0.216942,-0.421439,-0.864538,0.131745,-0.248544
0.691393,0.072055,0.775907,-0.004887,-0.091594,0.059006,0.994035,-0.135963,0.053223,0.085758,0.742423,-0.419296,-0.202380,-0.039559,-0.004673,-0.349420,0.450815,-0.225215,-0.069137,-0.008487,-0.068397,0.159878,0.119695,0.077953,-0.044596,0.405949,0.427546,0.219827,0.351355,0.104764,-0.162593,0.205049,-0.350821,-0.889894,0.162844,-0.144443
0.673696,0.078908,0.784162,0.001443,-0.072840,0.052530,0.995958,-0.137143,0.051157,0.121541,0.754687,-0.375740,-0.206075,-0.080007,-0.023413,-0.331442,0.390197,-0.137196,-0.062516,-0.022940,-0.047883,0.158276,0.110055,0.108637,-0.095392,0.399105,0.427827,0.227437,0.302023,0.090698,-0.194448,0.191884,-0.291324,-0.940461,0.167191,-0.084052
0.656613,0.085508,0.788239,0.006249,-0.058536,0.044769,0.997261,-0.129766,0.051882,0.147154,0.818966,-0.323567,-0.193687,-0.124439,-0.039019,-0.311303,0.358914,-0.076757,-0.056712,-0.035157,-0.026064,0.155671,0.097757,0.142331,-0.149707,0.396370,0.433730,0.236254,0.260494,0.083091,-0.211976,0.186062,-0.235723,-0.967008,0.164734,-0.051211
0.640762,0.091544,0.788825,0.009650,-0.049018,0.035155,0.998132,-0.108927,0.056863,0.165840,0.894947,-0.278059,-0.153089,-0.165911,-0.051488,-0.298971,0.348853,-0.045962,-0.056594,-0.044313,-0.004937,0.153091,0.084440,0.172374,-0.207342,0.399854,0.445883,0.244972,0.219125,0.086404,-0.229193,0.188845,-0.180795,-1.000610,0.164246,-0.013765
0.626197,0.097210,0.787167,0.010953,-0.044009,0.027696,0.998587,-0.072039,0.068544,0.179485,0.934150,-0.214937,-0.116308,-0.197367,-0.059404,-0.290222,0.345288,-0.029055,-0.057100,-0.053408,0.015878,0.150909,0.067648,0.191721,-0.264071,0.411940,0.460522,0.261241,0.173414,0.103131,-0.227637,0.191206,-0.135105,-1.020509,0.167672,0.010391
0.612391,0.102571,0.783069,0.009980,-0.041613,0.022633,0.998828,-0.027695,0.056175,0.155788,0.879706,-0.102063,-0.056342,-0.220843,-0.061250,-0.277876,0.339910,-0.014760,-0.054891,-0.063549,0.036890,0.150179,0.053789,0.197549,-0.314548,0.433355,0.475046,0.287341,0.139949,0.133414,-0.208349,0.180944,-0.090194,-1.021375,0.179709,0.022073
0.598923,0.107349,0.779992,0.005975,-0.039753,0.020642,0.998978,0.029206,0.028831,0.120595,0.759482,-0.195125,-0.071994,-0.250706,-0.061189,-0.272135,0.353838,-0.012939,-0.055251,-0.076492,0.056962,0.150965,0.042895,0.188820,-0.358194,0.461748,0.486460,0.310415,0.122003,0.172114,-0.179994,0.165409,-0.044801,-1.027673,0.189385,0.033627
0.584198,0.111356,0.773380,0.001061,-0.039084,0.021787,0.998998,0.069715,0.030007,0.140822,0.676548,-0.327385,-0.049006,-0.294780,-0.064223,-0.272957,0.396903,-0.028950,-0.059899,-0.094101,0.073139,0.156463,0.037649,0.169630,-0.394089,0.491964,0.495653,0.328431,0.106904,0.212201,-0.141322,0.142531,0.000407,-1.041231,0.203110,0.050271
0.569353,0.114547,0.765274,0.000279,-0.041025,0.021884,0.998918,0.088778,0.030034,0.179310,0.635145,-0.427728,-0.010575,-0.347348,-0.076214,-0.267394,0.464973,-0.049651,-0.060697,-0.112480,0.082336,0.168000,0.039541,0.140414,-0.420706,0.510694,0.501580,0.341452,0.087478,0.246464,-0.099402,0.113817,0.031044,-1.052447,0.213021,0.070028
0.554143,0.117214,0.756491,0.001279,-0.048016,0.024890,0.998536,0.079340,0.026641,0.201181,0.656929,-0.497521,0.020142,-0.403272,-0.097046,-0.259265,0.558056,-0.061480,-0.060145,-0.126726,0.083129,0.186076,0.044234,0.110339,-0.423739,0.503455,0.503061,0.346868,0.082537,0.283063,-0.048406,0.072364,0.033942,-1.055957,0.210546,0.055302
0.538606,0.118734,0.749223,0.000959,-0.061487,0.029189,0.997681,0.065607,0.026792,0.202404,0.702644,-0.539807,0.035358,-0.433070,-0.113900,-0.259891,0.623055,-0.051292,-0.063554,-0.133563,0.075075,0.206505,0.056229,0.083424,-0.414455,0.480148,0.514912,0.337027,0.141819,0.316133,0.011997,0.027823,0.020990,-1.034800,0.207186,-0.001178
0.523623,0.118627,0.745573,0.002157,-0.073912,0.032962,0.996718,0.057879,0.025933,0.196927,0.727939,-0.559515,0.036720,-0.443720,-0.125358,-0.260068,0.651384,-0.033025,-0.061774,-0.135191,0.058790,0.223612,0.078640,0.059111,-0.391638,0.450439,0.515097,0.315955,0.221249,0.335157,0.045721,0.005593,0.008573,-1.011647,0.207579,-0.051502
0.509325,0.117019,0.748979,0.003845,-0.082421,0.039142,0.995821,0.051368,0.024821,0.189430,0.729501,-0.552858,0.037153,-0.431891,-0.131827,-0.260443,0.643093,-0.042836,-0.008237,-0.130856,0.039790,0.234227,0.101633,0.046198,-0.371513,0.426805,0.505719,0.290525,0.265423,0.337410,0.038412,0.013479,0.002671,-0.994953,0.198905,-0.080754
0.494239,0.114511,0.760546,0.001983,-0.086281,0.047945,0.995115,0.042140,0.026859,0.175438,0.703073,-0.508809,0.042046,-0.394664,-0.140700,-0.292132,0.632020,-0.094425,0.065242,-0.120248,0.021288,0.236080,0.117698,0.049990,-0.356990,0.409117,0.503786,0.270716,0.283269,0.325744,0.005440,0.040459,0.009390,-0.979312,0.190926,-0.100063
0.479289,0.111241,0.771937,-0.001559,-0.087165,0.056366,0.994597,0.032061,0.031344,0.158557,0.660977,-0.433067,0.048323,-0.334910,-0.133717,-0.310622,0.646444,-0.168933,0.058801,-0.106662,0.003652,0.229540,0.132635,0.054894,-0.335359,0.395874,0.495345,0.262407,0.292980,0.300588,-0.044159,0.084190,0.030901,-0.961626,0.185995,-0.114302
0.464435,0.107915,0.783229,-0.005399,-0.084227,0.063809,0.994387,0.019230,0.035960,0.146565,0.607290,-0.342791,0.056686,-0.265826,-0.123224,-0.334546,0.679954,-0.215408,0.032133,-0.089789,-0.012555,0.214854,0.140062,0.056644,-0.311532,0.389839,0.473600,0.269768,0.290181,0.260743,-0.104999,0.140355,0.068865,-0.941318,0.185160,-0.105407
0.449861,0.104976,0.792727,-0.006929,-0.079638,0.069468,0.994376,0.007528,0.034610,0.136196,0.548887,-0.259065,0.058824,-0.192933,-0.115979,-0.358845,0.722806,-0.237839,0.020959,-0.071007,-0.027935,0.194397,0.148694,0.057065,-0.287907,0.388913,0.442685,0.285573,0.276664,0.219178,-0.167901,0.204756,0.103308,-0.917477,0.191604,-0.058007
0.435571,0.102671,0.799129,-0.005480,-0.073077,0.072827,0.994649,-0.007263,0.026220,0.125413,0.496076,-0.191924,0.053381,-0.125380,-0.112537,-0.372410,0.772541,-0.252450,0.042309,-0.051186,-0.044480,0.170742,0.154487,0.057340,-0.265219,0.393867,0.416095,0.299928,0.257760,0.176348,-0.223703,0.268499,0.122196,-0.876499,0.198707,0.001554
0.421579,0.101253,0.801774,-0.000536,-0.067496,0.071668,0.995142,-0.017368,0.011920,0.122697,0.449817,-0.150624,0.047555,-0.064038,-0.111336,-0.366671,0.831232,-0.257871,0.053951,-0.030556,-0.061660,0.146716,0.161963,0.053618,-0.240841,0.404002,0.402383,0.310495,0.238367,0.134211,-0.277689,0.333476,0.129553,-0.851655,0.206045,0.036742
0.407746,0.100849,0.800853,0.006312,-0.062182,0.066837,0.995804,-0.023691,-0.005990,0.130753,0.406817,-0.137646,0.049379,-0.008808,-0.123010,-0.361844,0.890565,-0.246426,0.059701,-0.008009,-0.078499,0.123932,0.170814,0.046210,-0.213986,0.419691,0.408535,0.318926,0.234925,0.095222,-0.317946,0.393581,0.132506,-0.848082,0.218072,0.043090
0.394025,0.101175,0.797121,0.014319,-0.058864,0.060772,0.996312,-0.027238,-0.026443,0.142266,0.370613,-0.140689,0.055606,0.056508,-0.139204,-0.360986,0.891489,-0.204394,0.057496,0.016118,-0.094071,0.102727,0.183827,0.029029,-0.179491,0.439798,0.419314,0.326744,0.255631,0.066728,-0.330855,0.438076,0.141182,-0.840295,0.237630,0.046328
0.379910,0.101836,0.790377,0.023713,-0.056353,0.055616,0.996579,-0.031125,-0.049864,0.154090,0.338411,-0.153192,0.062048,0.135674,-0.147939,-0.361604,0.773844,-0.130357,0.087194,0.041129,-0.106778,0.083904,0.198052,-0.000415,-0.139470,0.465961,0.417909,0.339425,0.272647,0.050358,-0.323286,0.461488,0.159836,-0.835084,0.272658,0.060316
0.364483,0.102112,0.786410,0.033448,-0.052809,0.048888,0.996846,-0.047775,-0.071543,0.170127,0.322248,-0.164119,0.067459,0.205981,-0.132713,-0.336595,0.598424,-0.192868,0.112944,0.066291,-0.116131,0.069133,0.211470,-0.034910,-0.091176,0.487101,0.409872,0.360597,0.281772,0.040700,-0.299250,0.468007,0.180779,-0.854437,0.299639,0.054501
0.346681,0.101162,0.784103,0.043623,-0.048309,0.036800,0.997201,-0.082169,-0.085705,0.196127,0.325131,-0.153747,0.070163,0.248453,-0.126943,-0.322207,0.458160,-0.290855,0.104093,0.090929,-0.120578,0.061213,0.225877,-0.068186,-0.045612,0.495783,0.415066,0.362493,0.277072,0.034492,-0.259734,0.456291,0.200152,-0.880486,0.320756,0.016442
0.326771,0.099075,0.785695,0.047681,-0.042174,0.025276,0.997652,-0.126305,-0.083168,0.218497,0.325820,-0.101795,0.066121,0.251182,-0.122815,-0.337337,0.367949,-0.299594,0.075166,0.110514,-0.119160,0.059664,0.238068,-0.098342,0.009140,0.498277,0.418810,0.364135,0.265085,0.033610,-0.202950,0.430333,0.224631,-0.883544,0.330850,-0.037656
0.304920,0.096194,0.791234,0.048696,-0.035225,0.019304,0.998006,-0.186907,-0.072956,0.226070,0.343743,-0.034426,0.046848,0.216946,-0.119925,-0.353944,0.337644,-0.279184,0.044294,0.122415,-0.109892,0.064022,0.243032,-0.114363,0.043981,0.501782,0.424331,0.366907,0.238189,0.043516,-0.149611,0.394959,0.249621,-0.862354,0.335567,-0.080547
0.281797,0.092603,0.793854,0.046969,-0.031437,0.015337,0.998284,-0.256803,-0.053811,0.215261,0.393316,0.008082,-0.003641,0.163010,-0.112984,-0.340422,0.355338,-0.272970,0.028236,0.127224,-0.092197,0.076583,0.246997,-0.106479,0.045025,0.503366,0.443852,0.362815,0.221746,0.057209,-0.115765,0.369973,0.269506,-0.828474,0.324575,-0.091381
0.258159,0.088767,0.797940,0.040394,-0.032876,0.010587,0.998587,-0.325621,-0.024409,0.179468,0.474253,-0.033955,-0.082776,0.109688,-0.096861,-0.317464,0.394145,-0.279662,0.022296,0.126967,-0.066891,0.096069,0.259414,-0.077907,0.011352,0.501100,0.472917,0.350114,0.213602,0.068922,-0.103574,0.359930,0.282919,-0.791261,0.297222,-0.091153
0.234312,0.084790,0.796523,0.032944,-0.037916,0.005571,0.998722,-0.377086,0.018802,0.160395,0.599509,-0.124800,-0.095925,0.065337,-0.079962,-0.315794,0.433796,-0.294412,0.000177,0.120977,-0.037130,0.119864,0.282513,-0.037660,-0.052357,0.497490,0.511074,0.332308,0.203386,0.083519,-0.114966,0.362882,0.289928,-0.776214,0.268717,-0.095815
0.210404,0.080896,0.792324,0.025218,-0.042959,0.000952,0.998758,-0.415103,0.074053,0.162100,0.752007,-0.195674,-0.058599,0.032005,-0.061955,-0.334826,0.453166,-0.309121,-0.032639,0.110344,-0.007504,0.144777,0.303411,0.006148,-0.122330,0.491432,0.536562,0.311977,0.185912,0.083954,-0.137459,0.375594,0.303100,-0.769681,0.240741,-0.096834
0.186517,0.077315,0.785855,0.018295,-0.047639,-0.002732,0.998693,-0.436719,0.128588,0.163069,0.917974,-0.224294,-0.022134,0.007288,-0.039995,-0.341726,0.446540,-0.311571,-0.057758,0.095150,0.020455,0.168280,0.319387,0.041198,-0.179195,0.487287,0.532441,0.303139,0.169038,0.078644,-0.166452,0.392650,0.324373,-0.783066,0.219117,-0.089717
0.163237,0.074020,0.783342,0.011415,-0.050803,-0.005883,0.998626,-0.438736,0.162037,0.146530,1.078156,-0.244761,0.005739,-0.015239,-0.016602,-0.345088,0.432856,-0.298522,-0.075780,0.078820,0.046642,0.186493,0.326376,0.068129,-0.221261,0.488816,0.501900,0.307430,0.151898,0.077273,-0.189878,0.400086,0.347533,-0.813152,0.211716,-0.083265
0.140316,0.071059,0.782441,0.006163,-0.051356,-0.008478,0.998625,-0.418908,0.174612,0.130014,1.215086,-0.244993,0.011483,-0.038511,0.003168,-0.350820,0.409205,-0.269188,-0.091365,0.060894,0.069613,0.195905,0.320402,0.091710,-0.263128,0.500284,0.473308,0.323553,0.134629,0.089852,-0.196060,0.383642,0.368623,-0.840311,0.222826,-0.081870
0.118048,0.068550,0.782215,0.001596,-0.049665,-0.010706,0.998707,-0.372053,0.176620,0.126891,1.308580,-0.226636,-0.006524,-0.062162,0.021106,-0.358365,0.377146,-0.228371,-0.106678,0.042255,0.087291,0.195780,0.312999,0.120916,-0.300633,0.503497,0.466532,0.341517,0.111140,0.121194,-0.183413,0.343217,0.382731,-0.850769,0.235227,-0.078890
0.096634,0.066407,0.782101,-0.002078,-0.046949,-0.010481,0.998840,-0.298922,0.167475,0.133312,1.341533,-0.202835,-0.062539,-0.083468,0.036284,-0.367101,0.339100,-0.180855,-0.120086,0.024325,0.098595,0.187808,0.297472,0.144113,-0.334267,0.502159,0.482829,0.353320,0.097242,0.165501,-0.150535,0.282613,0.383456,-0.842715,0.245288,-0.074990
0.075638,0.064285,0.781200,-0.005268,-0.044371,-0.007499,0.998973,-0.208314,0.142367,0.135373,1.311979,-0.160338,-0.149849,-0.104040,0.048709,-0.379135,0.302910,-0.137742,-0.133085,0.008011,0.103377,0.174042,0.275153,0.157026,-0.350537,0.495568,0.496614,0.360332,0.096255,0.216729,-0.104182,0.214756,0.373373,-0.816984,0.254451,-0.069503
0.054532,0.062031,0.778919,-0.007108,-0.042710,-0.005187,0.999049,-0.108068,0.106649,0.139272,1.214209,-0.062531,-0.242033,-0.133630,0.054645,-0.389881,0.290311,-0.109158,-0.146757,-0.007379,0.100524,0.157074,0.252422,0.157757,-0.346979,0.484012,0.502309,0.367805,0.114997,0.264445,-0.053042,0.162105,0.357205,-0.778777,0.269515,-0.069931
0.032652,0.058999,0.775322,-0.005545,-0.039412,0.001025,0.999207,-0.009433,0.084519,0.193563,1.053799,0.046769,-0.247453,-0.178624,0.048554,-0.403865,0.303774,-0.099134,-0.162644,-0.025491,0.087884,0.139811,0.228165,0.151676,-0.330723,0.470882,0.504673,0.368819,0.147834,0.303503,-0.017895,0.136317,0.336888,-0.750346,0.280100,-0.075548
0.009072,0.055367,0.769785,-0.004566,-0.035361,0.007248,0.999338,0.072852,0.042694,0.179875,0.874607,-0.012818,-0.244581,-0.245422,0.036689,-0.417033,0.354493,-0.103752,-0.181467,-0.037183,0.069936,0.128645,0.196799,0.137611,-0.301592,0.457944,0.497024,0.353923,0.187464,0.330656,0.001178,0.144332,0.307388,-0.739755,0.284266,-0.089140
-0.016614,0.051446,0.761267,-0.005454,-0.029477,0.012782,0.999469,0.130893,0.027860,0.140809,0.740833,-0.205764,-0.173360,-0.335390,0.020303,-0.431746,0.434446,-0.106878,-0.203179,-0.041597,0.052777,0.125785,0.164668,0.116083,-0.266030,0.442064,0.482891,0.331422,0.228709,0.347686,0.000276,0.174817,0.282539,-0.744494,0.278937,-0.110560
-0.042806,0.047420,0.751089,-0.003392,-0.024872,0.023266,0.999414,0.150398,0.022149,0.167681,0.658590,-0.392887,-0.047233,-0.425223,-0.009431,-0.447500,0.515697,-0.100900,-0.219967,-0.045964,0.034754,0.131253,0.127329,0.082867,-0.237379,0.441368,0.469679,0.306169,0.263592,0.364835,-0.012665,0.209142,0.249648,-0.756091,0.270693,-0.125453
-0.068916,0.042941,0.741178,0.001510,-0.023327,0.035536,0.999095,0.138930,0.021321,0.207524,0.627381,-0.535729,-0.002804,-0.497550,-0.044065,-0.457176,0.574497,-0.085682,-0.215734,-0.047181,0.013566,0.143816,0.091597,0.052366,-0.223421,0.445240,0.467209,0.281511,0.284215,0.373531,-0.040429,0.237194,0.216548,-0.774576,0.257184,-0.134011
-0.093684,0.037320,0.735967,0.008531,-0.025249,0.046046,0.998584,0.109535,0.013098,0.216437,0.629286,-0.622552,0.017064,-0.549058,-0.073608,-0.447669,0.615049,-0.083613,-0.156388,-0.042606,-0.009831,0.162067,0.062518,0.027029,-0.226118,0.456313,0.482101,0.260503,0.300595,0.380541,-0.073746,0.253246,0.183327,-0.804159,0.250584,-0.149904
-0.117143,0.030066,0.737199,0.014439,-0.029396,0.053320,0.998040,0.071031,0.008564,0.199317,0.646042,-0.650602,0.019771,-0.577108,-0.099743,-0.441055,0.647118,-0.105218,-0.061672,-0.034242,-0.035375,0.180267,0.050392,0.014348,-0.239597,0.473598,0.505189,0.244838,0.304312,0.387510,-0.093407,0.258748,0.158841,-0.812922,0.248879,-0.173232
-0.139085,0.021879,0.742216,0.018793,-0.032014,0.058364,0.997605,0.037691,0.008460,0.189182,0.645905,-0.624474,0.015843,-0.564584,-0.143958,-0.451339,0.716509,-0.144953,-0.084151,-0.026832,-0.059990,0.192907,0.057499,0.009671,-0.249174,0.491765,0.517605,0.231171,0.296019,0.387805,-0.103879,0.264598,0.158530,-0.797500,0.262093,-0.182874
-0.159474,0.012985,0.750773,0.021323,-0.032735,0.064379,0.997161,0.016555,0.010087,0.178370,0.612172,-0.562200,0.012480,-0.535138,-0.180944,-0.430974,0.828093,-0.188895,-0.106666,-0.023198,-0.078898,0.197523,0.080521,0.010658,-0.252059,0.511782,0.522686,0.233459,0.281364,0.380672,-0.117888,0.284964,0.176470,-0.776607,0.286568,-0.169193
-0.178870,0.003420,0.761684,0.021028,-0.031059,0.072362,0.996673,0.000041,0.014285,0.160243,0.554887,-0.473474,0.007492,-0.497039,-0.187792,-0.361508,0.952490,-0.208898,-0.115153,-0.024570,-0.092205,0.194249,0.118482,0.010396,-0.242665,0.522271,0.515257,0.244156,0.267433,0.365528,-0.145202,0.319853,0.195651,-0.764120,0.314945,-0.133529
-0.197330,-0.006815,0.772912,0.018973,-0.026768,0.083263,0.995987,-0.023137,0.021211,0.132187,0.498745,-0.372149,-0.002928,-0.438466,-0.181912,-0.293073,1.051929,-0.203969,-0.083283,-0.026771,-0.102180,0.184742,0.155741,0.013331,-0.231643,0.526334,0.512033,0.260216,0.251769,0.353148,-0.170792,0.365995,0.209609,-0.757123,0.331170,-0.101742
-0.214972,-0.016559,0.784104,0.015087,-0.020978,0.096393,0.995008,-0.051015,0.027856,0.095022,0.452783,-0.283804,-0.016153,-0.361073,-0.170261,-0.238488,1.111510,-0.175028,-0.043201,-0.027445,-0.109096,0.171846,0.196862,0.023210,-0.224226,0.520041,0.517772,0.265406,0.242015,0.340624,-0.192057,0.413691,0.222723,-0.747218,0.337416,-0.078359
-0.232199,-0.025567,0.788745,0.013506,-0.016613,0.109043,0.993806,-0.084251,0.028761,0.061003,0.430752,-0.232805,-0.028198,-0.273810,-0.147899,-0.186340,1.130515,-0.145416,0.014088,-0.025527,-0.112021,0.159569,0.228388,0.029904,-0.221282,0.505086,0.535522,0.280849,0.229223,0.337577,-0.208479,0.450893,0.225818,-0.736524,0.334553,-0.069507
-0.249524,-0.033728,0.787538,0.013371,-0.012536,0.118002,0.992844,-0.123309,0.027312,0.040517,0.432693,-0.224429,-0.034448,-0.181546,-0.122633,-0.149258,1.090329,-0.121436,0.054715,-0.019032,-0.111734,0.149577,0.251255,0.025104,-0.207375,0.474523,0.552764,0.289884,0.217440,0.338699,-0.218411,0.474251,0.218982,-0.744249,0.333685,-0.076914
-0.267611,-0.041479,0.780663,0.013228,-0.007688,0.123844,0.992184,-0.175157,0.024865,0.024054,0.461452,-0.251792,-0.037839,-0.092439,-0.101985,-0.131542,0.988341,-0.088055,0.113925,-0.008154,-0.108504,0.141957,0.276389,0.008517,-0.176064,0.439055,0.552442,0.292738,0.207658,0.337225,-0.213783,0.479286,0.211040,-0.751683,0.336600,-0.096575
-0.286777,-0.049261,0.772316,0.013749,-0.001289,0.127486,0.991744,-0.255748,0.020458,0.010235,0.538464,-0.298751,-0.039513,-0.015957,-0.073601,-0.114619,0.838185,-0.120437,0.121947,0.004733,-0.102474,0.138048,0.292927,-0.013927,-0.139898,0.402915,0.554136,0.300913,0.208646,0.333185,-0.190136,0.460857,0.206365,-0.743981,0.339975,-0.128167
