0.000000,0.000000,0.672957,0.069262,-0.263563,0.207638,0.939481,-0.169725,-0.012467,-0.381061,1.029762,-0.407116,-0.245028,0.598211,-0.486789,-0.860404,1.082236,-0.836868,0.107314,0.062479,-0.065239,0.120759,0.285849,-0.116331,0.193155,-0.677700,0.336342,-0.097161,0.659725,0.366080,-0.007990,-0.153723,-0.633571,-0.381804,0.087538,-0.548814
-0.000608,0.000451,0.671372,0.069651,-0.264197,0.210942,0.938537,-0.171972,-0.024812,-0.395659,1.041446,-0.409092,-0.245018,0.595411,-0.491558,-0.864583,1.095524,-0.840945,0.102111,0.046807,-0.062186,0.120608,0.290593,-0.113816,0.204544,-0.690249,0.336232,-0.094899,0.650127,0.361770,-0.001248,-0.138420,-0.633954,-0.408100,0.087486,-0.546063
-0.000884,0.003538,0.670647,0.070796,-0.266021,0.208501,0.938482,-0.163747,-0.031014,-0.396040,1.047234,-0.413817,-0.245012,0.592636,-0.508206,-0.858783,1.108788,-0.839419,0.111084,0.042723,-0.056119,0.119142,0.337779,-0.118823,0.206055,-0.701027,0.326074,-0.097446,0.636070,0.314915,-0.013859,-0.140006,-0.621279,-0.401091,0.103724,-0.533583
-0.000542,0.008208,0.670957,0.074852,-0.269545,0.198501,0.939330,-0.140804,-0.029921,-0.378551,1.040759,-0.419249,-0.245018,0.590339,-0.535972,-0.839252,1.119585,-0.833508,0.131732,0.049782,-0.049439,0.117805,0.413913,-0.133226,0.196043,-0.693039,0.318616,-0.111725,0.630082,0.271375,-0.044968,-0.152451,-0.612470,-0.393637,0.113659,-0.524337
0.000520,0.013203,0.672225,0.080849,-0.274034,0.182519,0.940774,-0.108430,-0.021214,-0.346018,1.024166,-0.423509,-0.244997,0.587295,-0.565090,-0.807372,1.122649,-0.825078,0.149279,0.063037,-0.044699,0.117414,0.503618,-0.167147,0.165729,-0.685702,0.291217,-0.126298,0.637305,0.211195,-0.088980,-0.164113,-0.569340,-0.404721,0.107900,-0.528191
0.002034,0.017704,0.673956,0.086878,-0.277779,0.166089,0.942181,-0.077581,-0.009855,-0.307620,1.004776,-0.425145,-0.244993,0.584081,-0.590664,-0.774272,1.120487,-0.816163,0.163144,0.078505,-0.043132,0.118230,0.576716,-0.192654,0.137276,-0.663994,0.285295,-0.141132,0.636593,0.150942,-0.128367,-0.175954,-0.528882,-0.411170,0.109887,-0.531827
0.003693,0.021072,0.676068,0.091684,-0.279633,0.152864,0.943415,-0.054963,0.000826,-0.272205,0.987087,-0.423229,-0.244992,0.581665,-0.608417,-0.748578,1.112521,-0.806626,0.173173,0.093222,-0.044287,0.119670,0.610048,-0.207613,0.124146,-0.642281,0.295757,-0.151588,0.646264,0.110418,-0.156125,-0.179899,-0.500489,-0.403908,0.105296,-0.529272
0.005318,0.023001,0.678694,0.094069,-0.279484,0.145568,0.944378,-0.041685,0.008524,-0.249799,0.970398,-0.418851,-0.244993,0.583789,-0.614281,-0.737285,1.096861,-0.796097,0.179671,0.105177,-0.048025,0.120674,0.591707,-0.212615,0.117297,-0.630354,0.279497,-0.155883,0.656718,0.107490,-0.173233,-0.182496,-0.487340,-0.400707,0.101319,-0.533479
0.006876,0.023429,0.681926,0.094688,-0.276834,0.143314,0.945441,-0.037032,0.013369,-0.239872,0.952893,-0.412551,-0.244996,0.588433,-0.609257,-0.738730,1.073961,-0.785870,0.179462,0.111383,-0.054155,0.119735,0.536431,-0.198687,0.136206,-0.629319,0.288035,-0.139409,0.657327,0.138431,-0.171576,-0.175526,-0.492461,-0.391860,0.090328,-0.539720
0.008333,0.022708,0.685691,0.093430,-0.271314,0.143741,0.947100,-0.040951,0.016931,-0.240830,0.935478,-0.404127,-0.245000,0.590858,-0.594209,-0.746725,1.044745,-0.776526,0.171834,0.108996,-0.062578,0.116494,0.456145,-0.176683,0.168273,-0.636861,0.313019,-0.123680,0.652856,0.191923,-0.140895,-0.166714,-0.513949,-0.385642,0.073726,-0.546069
0.009743,0.021612,0.689722,0.089696,-0.263418,0.148198,0.949001,-0.054508,0.019998,-0.252166,0.922091,-0.396084,-0.245017,0.593063,-0.569543,-0.762411,1.009683,-0.766942,0.162052,0.097753,-0.071805,0.110775,0.345667,-0.155221,0.202522,-0.628695,0.344822,-0.101691,0.649200,0.261812,-0.087432,-0.159729,-0.572120,-0.367639,0.085834,-0.538421
0.011137,0.021354,0.694079,0.084714,-0.254424,0.156564,0.950568,-0.070889,0.020290,-0.270461,0.907810,-0.387387,-0.245004,0.598866,-0.543533,-0.787886,0.970400,-0.754460,0.155422,0.079905,-0.079341,0.104460,0.260910,-0.131909,0.226683,-0.620195,0.358843,-0.086094,0.639834,0.328021,-0.029452,-0.151500,-0.616976,-0.367497,0.085486,-0.535430
0.012242,0.022919,0.698843,0.081199,-0.246233,0.161098,0.952273,-0.078580,0.019887,-0.281391,0.887771,-0.378874,-0.245002,0.600468,-0.527627,-0.806002,0.933159,-0.737646,0.154313,0.058796,-0.083541,0.098964,0.211018,-0.112502,0.243228,-0.615877,0.359878,-0.070284,0.627750,0.368032,0.001572,-0.141379,-0.640422,-0.385941,0.077387,-0.532561
0.013046,0.026935,0.704046,0.079275,-0.238306,0.157046,0.955124,-0.076194,0.022904,-0.276121,0.862237,-0.371020,-0.244995,0.589720,-0.527491,-0.805904,0.903172,-0.715340,0.163594,0.040862,-0.082907,0.093356,0.209102,-0.104521,0.249817,-0.620877,0.349715,-0.064105,0.622517,0.361573,0.001108,-0.133049,-0.644106,-0.398875,0.081318,-0.520363
0.013882,0.033408,0.709618,0.078367,-0.231341,0.143638,0.959014,-0.061317,0.032144,-0.251998,0.829265,-0.363956,-0.244977,0.569166,-0.541853,-0.787377,0.879434,-0.688135,0.183415,0.032004,-0.077423,0.087220,0.250681,-0.110088,0.252116,-0.630400,0.352787,-0.064232,0.619403,0.309319,-0.014608,-0.135093,-0.639401,-0.382529,0.096846,-0.516130
0.015081,0.041454,0.715557,0.077557,-0.225266,0.124506,0.963192,-0.036671,0.046687,-0.214101,0.788403,-0.355959,-0.244916,0.544834,-0.559984,-0.756551,0.853201,-0.656597,0.207863,0.034548,-0.069340,0.080060,0.329710,-0.138633,0.248601,-0.645599,0.342566,-0.077621,0.608670,0.215998,-0.045141,-0.159962,-0.607555,-0.370927,0.109864,-0.510255
0.016626,0.050039,0.721703,0.076791,-0.219132,0.100762,0.967435,-0.006246,0.064313,-0.164971,0.740451,-0.345194,-0.244611,0.515959,-0.577435,-0.716051,0.823151,-0.623000,0.228188,0.046087,-0.060479,0.071435,0.408960,-0.181595,0.224792,-0.646452,0.306017,-0.090738,0.611089,0.140099,-0.079366,-0.178525,-0.565742,-0.377238,0.110696,-0.507611
0.018385,0.058306,0.727744,0.075239,-0.212077,0.076293,0.971361,0.022941,0.082415,-0.111637,0.690813,-0.332924,-0.243332,0.484079,-0.588711,-0.672749,0.789774,-0.589932,0.240283,0.063885,-0.052447,0.061415,0.466702,-0.210750,0.200398,-0.638255,0.288163,-0.108922,0.618444,0.069172,-0.111000,-0.195962,-0.525572,-0.384624,0.115322,-0.517082
0.020225,0.065577,0.733446,0.072173,-0.203517,0.053996,0.974914,0.044554,0.099838,-0.061496,0.645928,-0.321105,-0.240870,0.451111,-0.589164,-0.631757,0.753823,-0.559184,0.244190,0.084133,-0.046788,0.050329,0.488248,-0.218120,0.195094,-0.631781,0.312317,-0.126529,0.617523,0.025336,-0.134551,-0.201648,-0.491278,-0.380797,0.113403,-0.516133
0.022134,0.071611,0.738553,0.068832,-0.193606,0.034546,0.978052,0.057769,0.113980,-0.018656,0.607342,-0.310850,-0.238297,0.420012,-0.582885,-0.595173,0.717191,-0.531705,0.244811,0.102579,-0.044092,0.038494,0.458935,-0.223225,0.208593,-0.642078,0.309134,-0.133686,0.626682,0.024140,-0.151406,-0.195480,-0.471184,-0.378080,0.101270,-0.512446
0.024180,0.076424,0.742757,0.065417,-0.182713,0.018696,0.980809,0.060019,0.125600,0.014738,0.580834,-0.305261,-0.236366,0.394663,-0.572062,-0.566158,0.679430,-0.507416,0.244900,0.115135,-0.043531,0.026071,0.389655,-0.211695,0.243135,-0.669527,0.295792,-0.123695,0.641938,0.057520,-0.147251,-0.182429,-0.468274,-0.373730,0.089659,-0.518991
0.026394,0.080264,0.745678,0.060690,-0.172065,0.008875,0.983174,0.048723,0.137282,0.033708,0.572777,-0.306374,-0.235199,0.380871,-0.556385,-0.551518,0.642099,-0.487717,0.244919,0.118079,-0.045532,0.013397,0.278564,-0.172857,0.295372,-0.689320,0.314759,-0.096154,0.638885,0.107389,-0.122682,-0.178478,-0.499608,-0.358959,0.099285,-0.509524
0.029023,0.083606,0.747146,0.054041,-0.162277,0.008738,0.985226,0.021736,0.149088,0.032379,0.588240,-0.317146,-0.234705,0.384681,-0.535279,-0.559535,0.603874,-0.471722,0.244929,0.109452,-0.048499,0.002376,0.157650,-0.118783,0.325197,-0.701154,0.337207,-0.068967,0.622968,0.192681,-0.066391,-0.174240,-0.542344,-0.341144,0.091621,-0.516287
0.031868,0.087470,0.747231,0.046873,-0.154466,0.013455,0.986794,-0.012412,0.158795,0.020247,0.622439,-0.337353,-0.233795,0.396380,-0.515094,-0.577584,0.570829,-0.457752,0.244964,0.087981,-0.049175,-0.005290,0.060278,-0.061071,0.338896,-0.703360,0.353792,-0.041553,0.599354,0.262213,-0.006545,-0.175116,-0.578758,-0.330423,0.075193,-0.523163
0.034651,0.092980,0.746183,0.040316,-0.149268,0.014556,0.987867,-0.040961,0.167498,0.014650,0.665252,-0.364879,-0.231543,0.398556,-0.503171,-0.582611,0.554951,-0.446590,0.244942,0.056170,-0.045628,-0.008917,0.011079,-0.006659,0.338306,-0.710010,0.352976,-0.026564,0.577450,0.297364,0.031693,-0.180495,-0.590777,-0.343458,0.045853,-0.526879
0.036985,0.101228,0.744185,0.036540,-0.145567,0.005005,0.988661,-0.059686,0.173293,0.030226,0.712742,-0.397927,-0.225090,0.373557,-0.509214,-0.556306,0.565791,-0.441644,0.244952,0.021385,-0.034639,-0.009206,0.008713,0.039127,0.330884,-0.718880,0.336099,-0.011624,0.567558,0.285369,0.045859,-0.182643,-0.592299,-0.342120,0.028847,-0.524823
0.039318,0.112709,0.741466,0.033225,-0.143837,-0.017019,0.988897,-0.062119,0.180791,0.069986,0.758883,-0.435608,-0.212700,0.320415,-0.525879,-0.494083,0.598805,-0.440052,0.244964,-0.004026,-0.016884,-0.006447,0.053488,0.073186,0.318002,-0.735235,0.316516,-0.002808,0.554724,0.232411,0.037990,-0.180927,-0.585425,-0.320149,0.036779,-0.510589
0.042271,0.126426,0.738473,0.031356,-0.143751,-0.052238,0.987737,-0.043380,0.190524,0.136817,0.791869,-0.472023,-0.196546,0.247232,-0.545277,-0.399054,0.636365,-0.437051,0.244972,-0.013902,0.005155,-0.001515,0.132674,0.080579,0.318509,-0.764402,0.305462,0.005158,0.536069,0.135303,0.003536,-0.181237,-0.573029,-0.311785,0.064232,-0.497558
0.045957,0.140977,0.735218,0.030059,-0.145083,-0.095586,0.984333,-0.011056,0.201320,0.220874,0.815448,-0.506892,-0.179600,0.167011,-0.556995,-0.284275,0.667215,-0.430189,0.244988,-0.007641,0.028078,0.005447,0.235573,0.048453,0.299075,-0.792543,0.283587,-0.001623,0.523835,0.047649,-0.034974,-0.181074,-0.539638,-0.320698,0.069066,-0.493563
0.049919,0.154764,0.731369,0.028789,-0.147790,-0.139444,0.978716,0.023313,0.211316,0.306504,0.837278,-0.540737,-0.164010,0.091987,-0.558346,-0.168891,0.693587,-0.424450,0.244983,0.010006,0.049162,0.013847,0.322076,-0.003693,0.259693,-0.799852,0.275875,-0.012320,0.514192,-0.034440,-0.070079,-0.171153,-0.498457,-0.334639,0.076881,-0.496560
0.053608,0.167060,0.726687,0.026392,-0.150489,-0.177496,0.972189,0.047864,0.221401,0.379926,0.865609,-0.575464,-0.149079,0.027225,-0.550397,-0.067835,0.719750,-0.423568,0.244985,0.033729,0.065917,0.021761,0.370572,-0.052171,0.216347,-0.781647,0.286253,-0.026021,0.513619,-0.085389,-0.097685,-0.158542,-0.459945,-0.331856,0.081787,-0.497669
0.057002,0.177434,0.721260,0.021997,-0.152422,-0.207388,0.966061,0.060039,0.234762,0.435309,0.903202,-0.611287,-0.135845,-0.023241,-0.535317,0.011305,0.745907,-0.429653,0.244989,0.058356,0.076996,0.029138,0.369667,-0.078124,0.175149,-0.754455,0.288106,-0.035976,0.520635,-0.089869,-0.122904,-0.143899,-0.437370,-0.337223,0.080519,-0.502924
0.059973,0.185636,0.715277,0.018384,-0.153762,-0.233292,0.959997,0.064623,0.249209,0.480130,0.946928,-0.646062,-0.125183,-0.069508,-0.517951,0.079778,0.777679,-0.441852,0.244989,0.078415,0.083844,0.036036,0.329319,-0.075636,0.159347,-0.738034,0.284177,-0.037897,0.528376,-0.049307,-0.131745,-0.118890,-0.433304,-0.344273,0.076471,-0.510548
0.062664,0.192011,0.709232,0.015001,-0.154384,-0.257245,0.953816,0.065682,0.264823,0.518029,0.991547,-0.678570,-0.115809,-0.113614,-0.496813,0.142117,0.812805,-0.454761,0.244993,0.091808,0.087600,0.041183,0.242132,-0.046037,0.178653,-0.728292,0.293273,-0.027598,0.538978,0.014955,-0.114973,-0.093099,-0.461834,-0.339909,0.083614,-0.508832
0.065597,0.196890,0.703920,0.010366,-0.154927,-0.275133,0.948784,0.064760,0.278373,0.542600,1.030341,-0.706886,-0.105147,-0.139038,-0.476923,0.185546,0.836942,-0.467032,0.244993,0.097579,0.089105,0.043213,0.143220,0.000304,0.201930,-0.719545,0.310758,-0.013204,0.539467,0.117206,-0.069548,-0.058744,-0.493549,-0.333467,0.075051,-0.517952
0.068724,0.200112,0.699363,0.003543,-0.156030,-0.284314,0.945943,0.062005,0.293066,0.549997,1.063304,-0.729818,-0.095185,-0.142145,-0.461299,0.205195,0.852078,-0.479696,0.244993,0.091663,0.087961,0.043147,0.057791,0.045010,0.216361,-0.716247,0.308691,0.000087,0.533207,0.217588,-0.016089,-0.030644,-0.509084,-0.338194,0.047069,-0.533304
0.071782,0.202275,0.694794,-0.003825,-0.157908,-0.287289,0.944730,0.055462,0.307729,0.543946,1.096415,-0.750390,-0.085277,-0.137008,-0.450090,0.213374,0.870823,-0.493257,0.244991,0.069941,0.084303,0.042767,-0.013315,0.084473,0.222721,-0.700988,0.304299,0.009732,0.526160,0.300783,0.026330,-0.018438,-0.524879,-0.358580,0.020791,-0.545195
0.075337,0.204764,0.690517,-0.009767,-0.160948,-0.287673,0.944058,0.052556,0.312934,0.534734,1.121716,-0.770017,-0.070417,-0.130363,-0.447721,0.218630,0.886566,-0.500577,0.244992,0.036154,0.082058,0.043154,-0.048136,0.107448,0.220226,-0.683092,0.299269,0.019858,0.522210,0.359034,0.056123,-0.016804,-0.543323,-0.366782,-0.009618,-0.548852
0.080060,0.208525,0.687100,-0.016452,-0.164604,-0.291204,0.942250,0.063166,0.312179,0.534844,1.135370,-0.789974,-0.050869,-0.124381,-0.447785,0.223514,0.890498,-0.500666,0.245002,0.001310,0.082718,0.043697,-0.043206,0.131084,0.202193,-0.672481,0.287179,0.023380,0.514586,0.375876,0.070579,-0.026804,-0.559180,-0.368399,-0.014764,-0.543674
0.085759,0.213206,0.684810,-0.022612,-0.169173,-0.300535,0.938375,0.090008,0.308546,0.552127,1.139016,-0.809030,-0.034798,-0.121456,-0.443244,0.236674,0.886095,-0.495946,0.244997,-0.024523,0.087062,0.044634,-0.001415,0.147718,0.180287,-0.664836,0.289704,0.015173,0.511254,0.350048,0.065963,-0.047900,-0.575695,-0.364062,-0.010965,-0.532679
0.092173,0.218665,0.683613,-0.027240,-0.174954,-0.318706,0.931169,0.133150,0.299394,0.591442,1.130911,-0.824962,-0.021020,-0.125177,-0.432573,0.265902,0.874453,-0.482118,0.245000,-0.036614,0.095877,0.045491,0.073521,0.136668,0.157115,-0.661255,0.300159,0.013052,0.513962,0.288734,0.044643,-0.076506,-0.584704,-0.353711,0.004091,-0.526445
0.098923,0.224303,0.682324,-0.029875,-0.181320,-0.346347,0.919932,0.186889,0.283888,0.650334,1.114624,-0.837648,-0.007877,-0.144426,-0.419270,0.313062,0.868569,-0.465706,0.244999,-0.034511,0.107646,0.046695,0.174196,0.096613,0.141547,-0.675874,0.279577,0.000338,0.514737,0.189375,0.013496,-0.110773,-0.579665,-0.360730,0.042127,-0.511936
0.105439,0.229216,0.680289,-0.032180,-0.188815,-0.378965,0.905372,0.245662,0.266605,0.718603,1.095899,-0.846799,0.004411,-0.171691,-0.406219,0.367375,0.871441,-0.455049,0.245009,-0.020913,0.119922,0.049892,0.286733,0.033034,0.120981,-0.690650,0.273267,-0.010451,0.522377,0.099470,-0.014158,-0.139918,-0.541388,-0.372180,0.046512,-0.507543
0.110566,0.232784,0.678316,-0.036051,-0.195929,-0.405088,0.892309,0.291267,0.252942,0.771332,1.083929,-0.852238,0.017358,-0.188794,-0.391666,0.407681,0.877038,-0.450764,0.245030,0.000448,0.130701,0.053931,0.359461,-0.009848,0.100105,-0.678438,0.297401,-0.024802,0.531311,0.037261,-0.033908,-0.164891,-0.504806,-0.378129,0.053674,-0.514699
0.113392,0.234257,0.677665,-0.043529,-0.200880,-0.419498,0.884180,0.318389,0.256328,0.799151,1.085050,-0.854264,0.025061,-0.179831,-0.363223,0.427995,0.877586,-0.449291,0.245016,0.023314,0.138109,0.056150,0.370816,-0.022048,0.075618,-0.654988,0.308205,-0.029654,0.528960,0.023424,-0.046581,-0.184032,-0.484251,-0.377991,0.049374,-0.518953
0.114517,0.233893,0.677053,-0.051991,-0.203354,-0.428912,0.878623,0.334015,0.274751,0.815515,1.098016,-0.854957,0.026439,-0.169107,-0.332125,0.436870,0.886240,-0.452413,0.245005,0.039626,0.142759,0.057124,0.331852,-0.010052,0.071574,-0.644347,0.302920,-0.030892,0.535181,0.055369,-0.044587,-0.186187,-0.481528,-0.375421,0.036224,-0.525533
0.114795,0.232240,0.675668,-0.060190,-0.204703,-0.434945,0.874812,0.343527,0.299323,0.823429,1.116396,-0.855290,0.023919,-0.163387,-0.308327,0.437374,0.904618,-0.461869,0.245013,0.045573,0.144682,0.056763,0.251463,0.013337,0.102113,-0.639451,0.302333,-0.024397,0.554334,0.125909,-0.018240,-0.176990,-0.496941,-0.363904,0.023605,-0.525724
0.114708,0.229603,0.673776,-0.067803,-0.205759,-0.436139,0.873412,0.348511,0.325025,0.820724,1.135681,-0.855432,0.019434,-0.158103,-0.292529,0.431156,0.929080,-0.473293,0.245016,0.040589,0.142795,0.054903,0.148117,0.031533,0.130737,-0.625988,0.313662,-0.020217,0.570913,0.207301,0.030011,-0.146301,-0.525248,-0.351860,0.025794,-0.527204
0.114651,0.226623,0.671855,-0.074405,-0.206538,-0.432672,0.874415,0.348848,0.348066,0.808755,1.152994,-0.855618,0.015400,-0.150759,-0.284281,0.421179,0.951920,-0.482967,0.245022,0.025195,0.137567,0.052572,0.067857,0.047786,0.158482,-0.623485,0.312205,-0.019347,0.572754,0.296751,0.081925,-0.114513,-0.539168,-0.351944,-0.000462,-0.530167
0.114984,0.223732,0.670384,-0.079231,-0.207476,-0.429944,0.875114,0.352970,0.364483,0.799773,1.162333,-0.855787,0.010735,-0.145398,-0.280960,0.412625,0.969819,-0.490381,0.245027,0.001369,0.131050,0.051192,0.017527,0.061211,0.180093,-0.620169,0.302401,-0.020245,0.566516,0.355663,0.114719,-0.082910,-0.546721,-0.352903,-0.011813,-0.526873
0.116054,0.221769,0.669580,-0.082668,-0.208802,-0.429831,0.874536,0.363920,0.370171,0.798402,1.160548,-0.856003,0.008361,-0.143277,-0.281781,0.406926,0.979234,-0.495548,0.245045,-0.023394,0.125422,0.050842,0.017270,0.067385,0.189650,-0.617085,0.287447,-0.024434,0.558873,0.372353,0.117432,-0.063977,-0.552130,-0.352600,-0.017367,-0.521325
0.117790,0.220680,0.669728,-0.084503,-0.210407,-0.434053,0.871887,0.383466,0.365207,0.808570,1.148258,-0.856108,0.007430,-0.141531,-0.278797,0.410788,0.978128,-0.499919,0.245053,-0.041267,0.122398,0.050154,0.058611,0.075332,0.185544,-0.611019,0.284437,-0.029357,0.546508,0.339005,0.100156,-0.063387,-0.553473,-0.344458,-0.004085,-0.517062
0.119632,0.220057,0.670650,-0.083785,-0.211524,-0.444455,0.866428,0.407230,0.350982,0.831928,1.129811,-0.856072,0.007913,-0.146316,-0.267897,0.424736,0.973833,-0.498926,0.245043,-0.047357,0.122636,0.048710,0.130569,0.066233,0.179259,-0.600696,0.307424,-0.035385,0.538737,0.266478,0.066261,-0.078043,-0.552768,-0.333921,0.018338,-0.512795
0.121370,0.219297,0.671461,-0.082400,-0.212125,-0.459798,0.858370,0.434652,0.335007,0.865093,1.110035,-0.855962,0.006533,-0.157981,-0.250672,0.448110,0.973393,-0.497909,0.245032,-0.041675,0.125686,0.047792,0.221280,0.021156,0.159930,-0.604093,0.285319,-0.036211,0.525577,0.156498,0.018361,-0.110912,-0.532054,-0.344483,0.047332,-0.507313
0.122418,0.217850,0.671723,-0.082286,-0.212336,-0.473540,0.850825,0.456596,0.325115,0.892063,1.096348,-0.855946,0.008506,-0.168742,-0.232448,0.469087,0.978760,-0.499997,0.245033,-0.027617,0.130350,0.048608,0.309930,-0.029103,0.125289,-0.600078,0.262704,-0.036819,0.521118,0.058768,-0.026840,-0.144563,-0.499758,-0.370577,0.060948,-0.511514
0.122394,0.215407,0.671558,-0.084749,-0.212684,-0.479165,0.847339,0.468269,0.325439,0.900984,1.090924,-0.856032,0.014735,-0.170285,-0.218554,0.473812,0.988893,-0.506525,0.245036,-0.008962,0.133845,0.049827,0.359125,-0.046885,0.100731,-0.581920,0.285859,-0.050886,0.523596,0.009520,-0.049881,-0.179682,-0.479670,-0.368559,0.063125,-0.511574
0.120960,0.211212,0.670790,-0.088429,-0.212739,-0.478100,0.847551,0.471663,0.341950,0.896617,1.099970,-0.856113,0.013518,-0.167576,-0.208077,0.463445,1.006856,-0.516154,0.245036,0.009110,0.134041,0.050973,0.349117,-0.048913,0.084390,-0.569174,0.288838,-0.053879,0.513240,0.010546,-0.064230,-0.206836,-0.475838,-0.363958,0.053345,-0.516620
0.118475,0.204938,0.669382,-0.093173,-0.212933,-0.472439,0.850165,0.472632,0.376269,0.885524,1.123599,-0.856110,-0.004749,-0.158252,-0.199949,0.443678,1.028883,-0.530077,0.245035,0.018562,0.129906,0.050361,0.293213,-0.040373,0.099359,-0.577906,0.274432,-0.047259,0.528467,0.058980,-0.051670,-0.218945,-0.483696,-0.358912,0.044010,-0.527808
0.115585,0.197050,0.667770,-0.097878,-0.213149,-0.462453,0.855058,0.470493,0.417708,0.866488,1.150771,-0.856064,-0.030713,-0.142665,-0.196371,0.417324,1.050255,-0.547468,0.245036,0.016515,0.121620,0.047788,0.200832,-0.012623,0.142646,-0.588504,0.284360,-0.039292,0.537369,0.144788,-0.007372,-0.220241,-0.509275,-0.346282,0.027825,-0.526288
0.113063,0.188420,0.666667,-0.102478,-0.213448,-0.449548,0.861304,0.465709,0.454574,0.837992,1.170371,-0.855811,-0.054358,-0.119688,-0.197545,0.386788,1.062371,-0.562319,0.245035,0.003681,0.111139,0.043606,0.097238,0.013309,0.183561,-0.593291,0.297053,-0.036088,0.549091,0.247826,0.057845,-0.194103,-0.532119,-0.335150,0.011540,-0.533858
0.110975,0.179570,0.666019,-0.107086,-0.214157,-0.435820,0.867600,0.461312,0.487899,0.805084,1.184435,-0.854687,-0.078341,-0.092406,-0.198740,0.355186,1.068788,-0.575533,0.245024,-0.018214,0.100443,0.039566,0.017602,0.037799,0.222255,-0.599728,0.299443,-0.038868,0.547811,0.342226,0.104717,-0.154801,-0.539246,-0.331022,-0.014883,-0.536254
0.109614,0.171428,0.666035,-0.111385,-0.215201,-0.422093,0.873567,0.458441,0.514225,0.771922,1.190040,-0.851732,-0.099730,-0.064703,-0.202029,0.321498,1.069114,-0.584935,0.245020,-0.044103,0.092338,0.036847,-0.039757,0.063041,0.247252,-0.598621,0.282262,-0.036897,0.541943,0.403189,0.118225,-0.117264,-0.536006,-0.335331,-0.029304,-0.527437
0.109226,0.164675,0.666820,-0.113888,-0.215870,-0.410709,0.878492,0.458344,0.528001,0.745029,1.184284,-0.845716,-0.115141,-0.044465,-0.209077,0.289923,1.066826,-0.590265,0.245018,-0.067274,0.087922,0.035505,-0.061756,0.087179,0.259492,-0.593256,0.267462,-0.033223,0.526980,0.410375,0.104689,-0.103679,-0.532689,-0.342210,-0.026186,-0.518528
0.109959,0.159299,0.668346,-0.114238,-0.216541,-0.406465,0.880253,0.471580,0.528060,0.737423,1.165856,-0.836241,-0.127121,-0.034732,-0.216312,0.270736,1.063147,-0.591987,0.245020,-0.081344,0.088462,0.034707,-0.040171,0.094546,0.265392,-0.586206,0.269948,-0.029597,0.513787,0.361195,0.075136,-0.112312,-0.538193,-0.343300,-0.011964,-0.522331
0.111324,0.155075,0.670375,-0.111491,-0.217214,-0.407335,0.880038,0.490940,0.515000,0.744063,1.139020,-0.821085,-0.134069,-0.035002,-0.225234,0.265272,1.061102,-0.592089,0.245023,-0.082429,0.092959,0.032825,0.010745,0.072243,0.256597,-0.577110,0.275402,-0.034091,0.511387,0.271921,0.034990,-0.134239,-0.550208,-0.334973,0.016639,-0.520451
0.112637,0.151141,0.672417,-0.105036,-0.217055,-0.413258,0.878107,0.511647,0.491381,0.760341,1.107051,-0.802083,-0.137934,-0.048824,-0.232908,0.275955,1.067196,-0.592158,0.245032,-0.069461,0.098550,0.029255,0.102420,0.021394,0.231140,-0.565707,0.268329,-0.049638,0.512011,0.160638,-0.011366,-0.162496,-0.560794,-0.328120,0.054330,-0.507049
0.113016,0.146329,0.674066,-0.097184,-0.215027,-0.421960,0.875367,0.528532,0.471103,0.780154,1.078761,-0.785718,-0.144746,-0.070314,-0.234987,0.293413,1.079696,-0.594647,0.245032,-0.045486,0.103180,0.025606,0.214561,-0.049676,0.194947,-0.564688,0.245072,-0.065283,0.507981,0.039477,-0.065651,-0.202145,-0.534030,-0.321585,0.069232,-0.505264
0.111947,0.140300,0.675828,-0.093264,-0.211732,-0.423002,0.876094,0.532781,0.469282,0.785664,1.059605,-0.773234,-0.153971,-0.077318,-0.233866,0.292975,1.086153,-0.599177,0.245033,-0.016209,0.105078,0.022755,0.288284,-0.089203,0.149502,-0.543892,0.262580,-0.081674,0.493805,-0.042015,-0.118333,-0.244130,-0.515447,-0.308540,0.074033,-0.493288
0.108871,0.132364,0.677946,-0.092803,-0.207322,-0.411493,0.882654,0.515825,0.491433,0.764242,1.053167,-0.760412,-0.167687,-0.064305,-0.233930,0.265025,1.083668,-0.607341,0.245030,0.009633,0.101659,0.020236,0.299012,-0.091412,0.114314,-0.517963,0.303420,-0.097328,0.485642,-0.065703,-0.157160,-0.289119,-0.515119,-0.287630,0.076939,-0.490271
0.104266,0.122181,0.680212,-0.093540,-0.202316,-0.393422,0.891929,0.486795,0.529222,0.725317,1.053115,-0.742921,-0.194993,-0.042709,-0.234381,0.219598,1.079754,-0.614814,0.245025,0.024896,0.093015,0.017207,0.255852,-0.082118,0.099422,-0.510259,0.294798,-0.085814,0.496829,-0.031577,-0.172761,-0.321448,-0.529479,-0.264586,0.064052,-0.488528
0.099195,0.110559,0.683284,-0.096908,-0.197136,-0.368323,0.903374,0.447655,0.575580,0.667361,1.051706,-0.718504,-0.227675,-0.008094,-0.236165,0.153215,1.064806,-0.614529,0.245012,0.027788,0.081795,0.013383,0.176512,-0.050222,0.106850,-0.519579,0.273092,-0.068110,0.508446,0.048590,-0.150957,-0.346481,-0.549407,-0.253117,0.053580,-0.491574
0.094584,0.098686,0.687951,-0.101587,-0.192062,-0.336910,0.916125,0.399079,0.614217,0.592580,1.037756,-0.689272,-0.243621,0.040310,-0.237958,0.073131,1.033537,-0.606385,0.245007,0.019364,0.069242,0.008639,0.061003,-0.008818,0.132996,-0.513736,0.273401,-0.034866,0.503969,0.153090,-0.091748,-0.363382,-0.584940,-0.240446,0.054847,-0.483172
0.090940,0.087833,0.694374,-0.104181,-0.188271,-0.302557,0.928525,0.348640,0.630216,0.511372,1.008244,-0.657671,-0.244911,0.095136,-0.243384,-0.010525,0.991634,-0.591603,0.245012,0.001773,0.056492,0.003737,-0.038218,0.031545,0.157250,-0.500665,0.282219,-0.007366,0.491422,0.262323,-0.006295,-0.360519,-0.612718,-0.234170,0.043827,-0.477086
0.088045,0.078393,0.702917,-0.102281,-0.184989,-0.272153,0.938749,0.304810,0.628185,0.440518,0.972646,-0.622686,-0.244962,0.140555,-0.255823,-0.085269,0.955757,-0.571909,0.244994,-0.022767,0.045211,-0.000452,-0.096295,0.058551,0.180558,-0.491841,0.270858,0.008770,0.487679,0.348621,0.068223,-0.348644,-0.619413,-0.240924,0.015519,-0.467747
0.086094,0.071051,0.709243,-0.096966,-0.181029,-0.249519,0.946344,0.274828,0.615347,0.391205,0.935676,-0.588068,-0.244971,0.166462,-0.272730,-0.146857,0.926482,-0.552402,0.244983,-0.047968,0.037162,-0.004345,-0.104764,0.079304,0.197832,-0.488661,0.279300,0.019598,0.495202,0.373180,0.102904,-0.335323,-0.610695,-0.257264,0.006932,-0.465402
0.085008,0.065837,0.714353,-0.086506,-0.177665,-0.238514,0.950822,0.268031,0.590132,0.376286,0.894308,-0.551826,-0.244971,0.171765,-0.296752,-0.179888,0.908357,-0.544016,0.244972,-0.066265,0.032415,-0.008502,-0.062641,0.077917,0.200880,-0.495501,0.272617,0.017358,0.505115,0.335381,0.091930,-0.320252,-0.596194,-0.255843,0.017046,-0.460705
0.084446,0.062176,0.718473,-0.070898,-0.175156,-0.239796,0.952256,0.284538,0.553355,0.396124,0.845992,-0.512604,-0.244966,0.154981,-0.326154,-0.176996,0.903699,-0.544220,0.244970,-0.071278,0.028927,-0.013734,0.015216,0.051098,0.196249,-0.509567,0.259016,-0.007716,0.523418,0.247705,0.041970,-0.307444,-0.579535,-0.250470,0.050399,-0.455707
0.083523,0.058831,0.721080,-0.052678,-0.172335,-0.250029,0.951321,0.311741,0.513807,0.434304,0.798172,-0.468837,-0.244968,0.120317,-0.352574,-0.148819,0.906304,-0.549828,0.244962,-0.060245,0.023509,-0.019123,0.124929,0.008890,0.193816,-0.531103,0.245370,-0.036760,0.529398,0.129499,-0.026148,-0.307645,-0.540488,-0.252337,0.080788,-0.452008
0.081587,0.054506,0.724397,-0.034518,-0.170152,-0.260992,0.949600,0.328176,0.473919,0.463554,0.757795,-0.419935,-0.244969,0.088801,-0.377455,-0.117317,0.912247,-0.557759,0.244959,-0.035911,0.015374,-0.022909,0.233037,-0.044789,0.182461,-0.548437,0.246969,-0.082670,0.530254,0.032637,-0.085232,-0.310809,-0.487144,-0.251259,0.092198,-0.455692
0.078012,0.048024,0.727798,-0.021821,-0.167337,-0.262106,0.950170,0.316530,0.450522,0.456540,0.737017,-0.370038,-0.244970,0.078157,-0.391010,-0.112470,0.906940,-0.565721,0.244920,-0.005431,0.002288,-0.025141,0.290425,-0.091690,0.173298,-0.551622,0.250527,-0.110894,0.543670,-0.025801,-0.144228,-0.323659,-0.448328,-0.240392,0.098930,-0.461015
0.072857,0.038848,0.731228,-0.013431,-0.162817,-0.247348,0.955055,0.277997,0.447558,0.423214,0.726931,-0.320869,-0.244974,0.091155,-0.397986,-0.147172,0.891576,-0.571149,0.244601,0.022721,-0.017074,-0.025652,0.282993,-0.113372,0.174431,-0.562456,0.240664,-0.123770,0.567186,-0.020747,-0.190368,-0.349178,-0.433254,-0.221556,0.100331,-0.469018
0.066599,0.027118,0.734549,-0.008722,-0.158318,-0.219022,0.962751,0.218075,0.453505,0.356899,0.723800,-0.271298,-0.244982,0.126282,-0.397562,-0.217565,0.869105,-0.573347,0.241780,0.041444,-0.041457,-0.024445,0.211501,-0.097862,0.197079,-0.578491,0.251014,-0.124884,0.579623,0.038888,-0.211446,-0.394401,-0.454069,-0.202719,0.112065,-0.469300
0.059965,0.013821,0.737846,-0.006954,-0.154365,-0.178629,0.971707,0.141312,0.455650,0.258454,0.723097,-0.214172,-0.244996,0.179361,-0.387631,-0.318617,0.838697,-0.572721,0.231990,0.047785,-0.068192,-0.020563,0.119077,-0.054433,0.230077,-0.608733,0.275059,-0.107402,0.589487,0.142721,-0.169810,-0.441391,-0.481482,-0.178129,0.103273,-0.477100
0.053449,0.000400,0.740484,-0.006231,-0.151134,-0.132310,0.979599,0.060376,0.447043,0.146208,0.720361,-0.155196,-0.244997,0.237235,-0.369773,-0.430350,0.804882,-0.572674,0.218934,0.039339,-0.094211,-0.013960,0.016569,0.001526,0.257551,-0.644599,0.299478,-0.071835,0.597718,0.251660,-0.076902,-0.478575,-0.514317,-0.137603,0.088001,-0.493526
0.047067,-0.011730,0.741640,-0.005340,-0.148326,-0.087166,0.985075,-0.018538,0.428549,0.038125,0.723809,-0.102640,-0.244998,0.283929,-0.348598,-0.533043,0.778206,-0.579131,0.205422,0.018268,-0.115780,-0.005585,-0.070815,0.064316,0.288563,-0.684957,0.321236,-0.044860,0.599033,0.327065,0.015793,-0.504624,-0.533601,-0.122408,0.067805,-0.503412
0.041119,-0.021581,0.740953,-0.001940,-0.146706,-0.048528,0.987987,-0.087342,0.401017,-0.050170,0.737537,-0.060627,-0.245003,0.313643,-0.335928,-0.615184,0.769361,-0.596043,0.193232,-0.011415,-0.130944,0.003930,-0.121382,0.124480,0.318065,-0.732233,0.337995,-0.021343,0.612908,0.360161,0.063366,-0.515821,-0.531388,-0.137438,0.054793,-0.501702
0.035794,-0.028051,0.738586,0.005949,-0.147583,-0.020499,0.988819,-0.133068,0.362694,-0.109960,0.756023,-0.034801,-0.245003,0.322836,-0.347252,-0.668145,0.792710,-0.622188,0.185102,-0.040449,-0.140576,0.015643,-0.115565,0.174996,0.333250,-0.791093,0.336441,-0.021467,0.633070,0.344950,0.061255,-0.520278,-0.516167,-0.136241,0.061454,-0.502195
0.031395,-0.030939,0.735133,0.015506,-0.151221,-0.004193,0.988369,-0.151617,0.324874,-0.139473,0.775756,-0.031558,-0.245005,0.318313,-0.379201,-0.693469,0.839516,-0.649382,0.182319,-0.058096,-0.144682,0.029358,-0.047632,0.217625,0.340437,-0.853548,0.319836,-0.020787,0.626334,0.291175,0.007256,-0.532100,-0.484303,-0.142495,0.079297,-0.499784
0.027881,-0.031637,0.730997,0.027650,-0.156916,0.000494,0.987225,-0.149986,0.292142,-0.141924,0.794669,-0.035767,-0.245006,0.303521,-0.427081,-0.692358,0.900137,-0.676816,0.183320,-0.059773,-0.145549,0.044231,0.049193,0.242161,0.337345,-0.903699,0.318693,-0.036067,0.618524,0.220170,-0.080347,-0.548586,-0.442275,-0.153999,0.100967,-0.497568
0.025124,-0.031942,0.726711,0.041305,-0.165880,-0.002083,0.985278,-0.140114,0.263325,-0.131338,0.818103,-0.027962,-0.245009,0.290542,-0.476513,-0.673859,0.957325,-0.701300,0.185474,-0.047702,-0.146551,0.060624,0.163759,0.238229,0.329473,-0.940878,0.349645,-0.056804,0.607554,0.145202,-0.173153,-0.557869,-0.397391,-0.166238,0.131085,-0.497338
0.022946,-0.033244,0.722591,0.053152,-0.175609,-0.001730,0.983023,-0.142967,0.235332,-0.127825,0.852458,-0.001531,-0.245010,0.288894,-0.514940,-0.661733,1.002101,-0.721738,0.186879,-0.027562,-0.149105,0.079278,0.251533,0.209978,0.338336,-0.969726,0.416876,-0.089438,0.603919,0.095627,-0.251629,-0.559569,-0.357831,-0.154068,0.162556,-0.502059
0.021371,-0.036370,0.719013,0.061763,-0.185110,0.007289,0.980748,-0.158318,0.207084,-0.139585,0.887298,0.036594,-0.245003,0.306887,-0.537911,-0.673052,1.030364,-0.738331,0.186944,-0.004741,-0.154031,0.097095,0.283725,0.167105,0.367882,-0.994182,0.484429,-0.113537,0.625839,0.106136,-0.311704,-0.549911,-0.336445,-0.136097,0.174613,-0.501828
0.020600,-0.041998,0.716321,0.066689,-0.193366,0.025989,0.978512,-0.179572,0.181950,-0.166582,0.911028,0.076244,-0.245005,0.346218,-0.538591,-0.712315,1.036719,-0.751627,0.182581,0.014410,-0.162351,0.111291,0.263470,0.133203,0.375572,-1.019787,0.470708,-0.121187,0.659092,0.174954,-0.327221,-0.535878,-0.340680,-0.146781,0.168290,-0.494859
0.020723,-0.049524,0.714442,0.067845,-0.199910,0.053269,0.976010,-0.201853,0.161668,-0.203649,0.921327,0.105090,-0.245007,0.401369,-0.515989,-0.774426,1.021912,-0.760942,0.173730,0.023152,-0.173428,0.120903,0.195504,0.134660,0.402535,-1.028216,0.420379,-0.114644,0.692074,0.268219,-0.262497,-0.539220,-0.368170,-0.139572,0.147933,-0.510136
0.021304,-0.057651,0.712815,0.066944,-0.206492,0.082727,0.972644,-0.220253,0.150490,-0.237215,0.923663,0.122327,-0.245010,0.460255,-0.477887,-0.841722,0.993916,-0.767154,0.161529,0.017019,-0.184861,0.126534,0.118118,0.166219,0.458964,-1.028921,0.396865,-0.105886,0.710137,0.360251,-0.127942,-0.539746,-0.421506,-0.087686,0.118486,-0.528074
0.021921,-0.064636,0.710925,0.066199,-0.212431,0.107848,0.968948,-0.228885,0.148323,-0.260099,0.918990,0.117068,-0.245019,0.509195,-0.439370,-0.898357,0.964802,-0.772852,0.149858,-0.002499,-0.193089,0.129875,0.071809,0.201648,0.538599,-1.028952,0.401308,-0.102037,0.695864,0.423915,-0.016820,-0.532553,-0.471864,-0.062136,0.098579,-0.537938
0.021939,-0.068433,0.708245,0.067376,-0.217403,0.124052,0.965820,-0.227348,0.145689,-0.273514,0.917630,0.088313,-0.245027,0.537129,-0.421854,-0.931714,0.957295,-0.781754,0.142354,-0.027917,-0.194987,0.132565,0.063847,0.218520,0.603706,-1.028977,0.389962,-0.099963,0.675421,0.454896,0.011676,-0.518376,-0.502261,-0.099183,0.089506,-0.532901
0.021218,-0.068111,0.704823,0.069363,-0.220853,0.128441,0.964321,-0.216388,0.143402,-0.277178,0.922738,0.039195,-0.245029,0.539277,-0.433399,-0.937106,0.981554,-0.794299,0.139302,-0.046371,-0.190297,0.134151,0.092772,0.208484,0.623672,-1.028941,0.352158,-0.093776,0.665581,0.428289,-0.005958,-0.517245,-0.514345,-0.123009,0.096783,-0.525256
0.020387,-0.064137,0.701274,0.073685,-0.224581,0.120761,0.964132,-0.196709,0.140932,-0.263922,0.935851,-0.006482,-0.245029,0.526153,-0.473443,-0.916988,1.028601,-0.806467,0.144662,-0.050313,-0.179997,0.136080,0.160039,0.168055,0.599357,-1.028706,0.320014,-0.097103,0.640623,0.354669,-0.046508,-0.537235,-0.522616,-0.100803,0.131815,-0.531249
0.019875,-0.058318,0.698341,0.081072,-0.229451,0.103428,0.964408,-0.170370,0.137892,-0.230512,0.950206,-0.032453,-0.245025,0.505139,-0.529063,-0.876036,1.080777,-0.814962,0.156115,-0.040766,-0.168241,0.139109,0.244033,0.099255,0.587468,-1.028134,0.325033,-0.111407,0.608302,0.251177,-0.118397,-0.575405,-0.500454,-0.074008,0.171336,-0.531134
0.020042,-0.052704,0.696787,0.090031,-0.235067,0.081729,0.964343,-0.144232,0.129075,-0.194544,0.964155,-0.022064,-0.245018,0.482853,-0.580578,-0.824089,1.118748,-0.818058,0.167699,-0.021214,-0.159653,0.142950,0.333371,0.004345,0.564108,-1.027249,0.378373,-0.144386,0.587162,0.160989,-0.195556,-0.596390,-0.469830,-0.106078,0.214236,-0.529822
0.020962,-0.048921,0.696275,0.097768,-0.240633,0.065448,0.963459,-0.131266,0.117361,-0.170180,0.982087,0.014512,-0.245016,0.471886,-0.612501,-0.782188,1.134458,-0.817615,0.175262,0.002520,-0.157034,0.147502,0.384064,-0.092110,0.536922,-1.023324,0.441801,-0.189733,0.588463,0.121982,-0.252157,-0.594373,-0.445317,-0.118480,0.233893,-0.531646
0.022408,-0.047752,0.696089,0.104069,-0.245664,0.058869,0.961953,-0.131892,0.108897,-0.153582,1.000829,0.054812,-0.245019,0.478090,-0.626092,-0.763265,1.134688,-0.817117,0.178220,0.024016,-0.160365,0.152140,0.375894,-0.164074,0.519346,-1.019821,0.481341,-0.201732,0.599112,0.107599,-0.306781,-0.574077,-0.410113,-0.116551,0.261338,-0.527307
0.024281,-0.049464,0.696247,0.106149,-0.249792,0.062769,0.960415,-0.141185,0.113261,-0.143205,1.011876,0.090849,-0.245022,0.502758,-0.615344,-0.773463,1.118881,-0.816947,0.174646,0.038011,-0.169723,0.155159,0.321860,-0.187998,0.510543,-1.021091,0.489216,-0.192856,0.608498,0.158639,-0.324217,-0.554251,-0.403504,-0.122606,0.259942,-0.534655
0.026526,-0.053162,0.696464,0.105321,-0.252096,0.073812,0.959118,-0.150357,0.122619,-0.143450,1.010950,0.107732,-0.245031,0.537027,-0.589402,-0.804681,1.094975,-0.818569,0.167583,0.040833,-0.182709,0.155112,0.235988,-0.165213,0.508240,-1.025466,0.485219,-0.157334,0.606532,0.245594,-0.264993,-0.542322,-0.440245,-0.088475,0.233781,-0.551763
0.028666,-0.057016,0.696558,0.102194,-0.252246,0.088562,0.958168,-0.157510,0.121683,-0.160238,1.003069,0.104180,-0.245024,0.568095,-0.558044,-0.843780,1.072529,-0.822022,0.157503,0.031646,-0.197078,0.151628,0.149658,-0.112871,0.524002,-1.027643,0.482234,-0.143414,0.602875,0.322040,-0.151329,-0.538342,-0.491145,-0.033875,0.202755,-0.565881
0.030363,-0.059588,0.696303,0.100875,-0.251341,0.099274,0.957495,-0.156565,0.113369,-0.178682,0.992415,0.085542,-0.245020,0.584976,-0.538242,-0.870749,1.061027,-0.827151,0.145240,0.013209,-0.210001,0.146413,0.088883,-0.061596,0.547490,-1.028307,0.478855,-0.140381,0.610444,0.380628,-0.052651,-0.525868,-0.534463,-0.007563,0.186780,-0.576613
0.031628,-0.059637,0.695592,0.102925,-0.251031,0.099948,0.957288,-0.142607,0.106414,-0.182406,0.983433,0.056928,-0.245020,0.586087,-0.542322,-0.874488,1.066691,-0.832866,0.137325,-0.007862,-0.219410,0.140879,0.079973,-0.027111,0.550203,-1.028717,0.449005,-0.150164,0.625362,0.405994,-0.025217,-0.497323,-0.552070,-0.036886,0.174034,-0.566221
0.032493,-0.056708,0.694267,0.108649,-0.251815,0.088754,0.957553,-0.119515,0.107210,-0.157262,0.981824,0.025364,-0.245023,0.569317,-0.575534,-0.848500,1.093720,-0.837900,0.142721,-0.021543,-0.223507,0.136055,0.129403,-0.030296,0.550309,-1.028743,0.426330,-0.157094,0.627635,0.379628,-0.044475,-0.468983,-0.542881,-0.052633,0.185166,-0.558842
0.033208,-0.051862,0.692646,0.117611,-0.253421,0.071015,0.957550,-0.097532,0.101576,-0.121014,0.991339,0.013335,-0.245023,0.540709,-0.627986,-0.802473,1.133467,-0.840043,0.157990,-0.021998,-0.224039,0.132958,0.208604,-0.078356,0.559876,-1.028159,0.446453,-0.153638,0.610420,0.315706,-0.091248,-0.464872,-0.522862,-0.056283,0.215719,-0.564365
0.034153,-0.046938,0.691537,0.128590,-0.255694,0.051154,0.956801,-0.080572,0.087171,-0.085583,1.005364,0.031547,-0.245025,0.510177,-0.680674,-0.748453,1.166223,-0.839552,0.170465,-0.012000,-0.224762,0.132735,0.286353,-0.162814,0.558086,-1.026296,0.443939,-0.153521,0.604572,0.221754,-0.159562,-0.482744,-0.478994,-0.099826,0.244159,-0.565153
0.035320,-0.043254,0.691131,0.137696,-0.257752,0.035945,0.955673,-0.074049,0.069851,-0.059460,1.020885,0.064290,-0.245020,0.487590,-0.715278,-0.702261,1.182344,-0.838263,0.177863,0.002371,-0.228347,0.135364,0.331744,-0.239650,0.535589,-1.017588,0.437764,-0.154682,0.599511,0.145910,-0.214825,-0.493654,-0.436754,-0.125010,0.268954,-0.561086
0.036662,-0.041616,0.691127,0.142942,-0.259147,0.028602,0.954773,-0.073340,0.058971,-0.047050,1.030968,0.089718,-0.245019,0.480288,-0.729331,-0.678930,1.184423,-0.837447,0.179787,0.018503,-0.233970,0.138512,0.335958,-0.278675,0.520189,-1.005181,0.442361,-0.152357,0.602411,0.115104,-0.250193,-0.494329,-0.405937,-0.126264,0.287602,-0.559687
0.038245,-0.041946,0.691186,0.145380,-0.259434,0.028187,0.954340,-0.073885,0.055119,-0.045739,1.034237,0.095890,-0.245023,0.486754,-0.730464,-0.678343,1.179629,-0.836050,0.179532,0.033042,-0.240173,0.140521,0.299065,-0.272605,0.518149,-0.998417,0.450747,-0.148528,0.619252,0.142832,-0.268587,-0.482636,-0.400272,-0.128705,0.278854,-0.552809
0.039883,-0.043722,0.691180,0.145368,-0.259320,0.031173,0.954280,-0.070963,0.059185,-0.049262,1.029988,0.080201,-0.245028,0.500931,-0.722598,-0.691456,1.171667,-0.834686,0.179340,0.043001,-0.245965,0.140653,0.235196,-0.229857,0.514976,-1.002212,0.454800,-0.129099,0.616376,0.217392,-0.239072,-0.464170,-0.428171,-0.109358,0.259510,-0.561222
0.041474,-0.046192,0.691279,0.142727,-0.258226,0.036909,0.954770,-0.071078,0.064651,-0.061687,1.023949,0.063586,-0.245031,0.517843,-0.706361,-0.713024,1.161062,-0.832847,0.179262,0.047057,-0.251599,0.140145,0.168709,-0.166834,0.531877,-1.011146,0.456263,-0.108364,0.613721,0.294647,-0.173012,-0.444684,-0.459836,-0.088076,0.238272,-0.570031
0.042802,-0.048491,0.691201,0.137819,-0.256685,0.044155,0.955599,-0.077788,0.071460,-0.078434,1.023301,0.052301,-0.245029,0.533026,-0.685176,-0.736371,1.151818,-0.831047,0.178832,0.043195,-0.257117,0.140806,0.104850,-0.103091,0.550576,-1.020317,0.439758,-0.090940,0.614420,0.361192,-0.097792,-0.421597,-0.489443,-0.074719,0.218284,-0.574511
0.043701,-0.049469,0.690802,0.134077,-0.256127,0.047681,0.956111,-0.085624,0.078408,-0.087127,1.031826,0.044405,-0.245030,0.539925,-0.674400,-0.748445,1.152614,-0.828973,0.181594,0.032273,-0.260102,0.142893,0.061868,-0.055222,0.565650,-1.026014,0.406810,-0.097169,0.624214,0.397174,-0.059795,-0.394206,-0.505252,-0.079054,0.200160,-0.572884
0.044443,-0.048502,0.691489,0.129944,-0.256252,0.047078,0.956678,-0.093922,0.087847,-0.089168,1.049925,0.039501,-0.245033,0.538271,-0.671596,-0.746111,1.164587,-0.822902,0.188765,0.018932,-0.258999,0.146453,0.060643,-0.038057,0.560124,-1.026389,0.358568,-0.104441,0.624798,0.386449,-0.062662,-0.383650,-0.506549,-0.085278,0.205350,-0.564805
0.045307,-0.045094,0.690603,0.125733,-0.256696,0.042699,0.957327,-0.103606,0.097441,-0.087622,1.078279,0.035470,-0.245036,0.525719,-0.680504,-0.730404,1.183865,-0.810861,0.202630,0.007083,-0.251834,0.150186,0.105365,-0.054487,0.536634,-1.022350,0.324161,-0.106177,0.602273,0.328927,-0.088535,-0.406021,-0.506630,-0.076340,0.215456,-0.568627
0.046690,-0.039460,0.689628,0.120909,-0.256600,0.033469,0.958341,-0.112283,0.109023,-0.081182,1.111922,0.032389,-0.245039,0.502793,-0.695727,-0.700852,1.205329,-0.793150,0.218086,-0.000810,-0.237892,0.152667,0.189206,-0.103468,0.516039,-1.002125,0.313535,-0.109251,0.576526,0.231089,-0.139944,-0.448411,-0.485549,-0.070760,0.244246,-0.561659
0.048820,-0.032079,0.689600,0.115970,-0.255863,0.018629,0.959551,-0.113785,0.119979,-0.069590,1.141906,0.029566,-0.245039,0.469684,-0.712694,-0.655426,1.221824,-0.768496,0.232569,-0.004210,-0.216987,0.152620,0.286609,-0.164670,0.459052,-0.947049,0.316686,-0.103856,0.544829,0.122651,-0.211550,-0.483132,-0.456900,-0.083605,0.273350,-0.543230
0.051746,-0.023842,0.691083,0.111807,-0.254805,-0.002839,0.960503,-0.102092,0.127459,-0.054464,1.159343,0.028657,-0.245038,0.422590,-0.724949,-0.586970,1.231995,-0.737185,0.241629,-0.002970,-0.191930,0.149344,0.387706,-0.210313,0.375422,-0.872820,0.315224,-0.104295,0.505027,0.024721,-0.279068,-0.492325,-0.413352,-0.113694,0.283422,-0.525884
0.055509,-0.015495,0.694466,0.109014,-0.253889,-0.029138,0.960629,-0.077388,0.127090,-0.040204,1.160565,0.034380,-0.245039,0.369249,-0.729349,-0.504032,1.230471,-0.698017,0.244493,0.003253,-0.164943,0.142838,0.459572,-0.218725,0.315069,-0.792219,0.345908,-0.113056,0.474177,-0.059895,-0.335830,-0.477349,-0.357452,-0.153217,0.286631,-0.515184
0.059932,-0.008074,0.699209,0.104325,-0.252462,-0.054810,0.960404,-0.050770,0.130065,-0.029333,1.153383,0.041288,-0.245044,0.324683,-0.718328,-0.426154,1.214778,-0.656779,0.244871,0.012000,-0.138910,0.133905,0.479107,-0.191595,0.296649,-0.734262,0.381233,-0.115565,0.475687,-0.101630,-0.358537,-0.434119,-0.294008,-0.174991,0.269242,-0.521241
0.064633,-0.002046,0.705045,0.098072,-0.250187,-0.078521,0.960012,-0.021389,0.142033,-0.011693,1.132950,0.043887,-0.245047,0.288191,-0.696933,-0.356489,1.193904,-0.607117,0.244929,0.016415,-0.116423,0.122897,0.445062,-0.153075,0.306971,-0.712727,0.345834,-0.108673,0.496022,-0.109607,-0.365923,-0.378562,-0.256535,-0.190076,0.247576,-0.522831
0.069358,0.002524,0.711189,0.089295,-0.246689,-0.096311,0.960154,0.006681,0.161443,0.006856,1.105509,0.030642,-0.245046,0.262364,-0.667597,-0.304064,1.175206,-0.550692,0.244951,0.010811,-0.097907,0.108867,0.371122,-0.091079,0.360774,-0.711935,0.283569,-0.085287,0.515697,-0.082384,-0.349825,-0.337057,-0.253685,-0.201054,0.228397,-0.512009
0.074120,0.006103,0.717224,0.076461,-0.242062,-0.103958,0.961640,0.029513,0.182065,0.010666,1.075901,0.000035,-0.245045,0.257257,-0.630768,-0.284492,1.152294,-0.495548,0.244992,-0.006847,-0.082525,0.091719,0.273116,0.007198,0.436196,-0.710890,0.220521,-0.036000,0.529326,-0.018505,-0.286725,-0.303384,-0.277307,-0.197419,0.195505,-0.512323
0.078958,0.009500,0.722706,0.060750,-0.236842,-0.103019,0.964159,0.048678,0.204010,0.000323,1.044760,-0.046389,-0.245038,0.269773,-0.591400,-0.293250,1.122618,-0.446897,0.245000,-0.036377,-0.068215,0.072882,0.167236,0.127198,0.501223,-0.681880,0.182731,0.015861,0.535285,0.078791,-0.195761,-0.270147,-0.322010,-0.208074,0.148853,-0.513225
0.083907,0.013807,0.727298,0.045486,-0.230684,-0.098428,0.966968,0.066786,0.227140,-0.010129,1.011985,-0.103314,-0.245032,0.280232,-0.554736,-0.303912,1.095700,-0.399261,0.245004,-0.074421,-0.052532,0.055190,0.084659,0.241448,0.562809,-0.629278,0.187655,0.056621,0.520806,0.189596,-0.094015,-0.235552,-0.368143,-0.221357,0.101362,-0.512799
0.088806,0.019829,0.730783,0.032791,-0.224495,-0.095786,0.969202,0.085584,0.249447,-0.012108,0.981091,-0.159817,-0.245032,0.276273,-0.526475,-0.299999,1.079445,-0.348555,0.245004,-0.113998,-0.034241,0.041037,0.017441,0.335475,0.604337,-0.563503,0.189288,0.093820,0.498356,0.289715,-0.000894,-0.196056,-0.404377,-0.245359,0.064531,-0.512670
0.093409,0.028228,0.733017,0.022635,-0.217387,-0.099633,0.970723,0.102255,0.270390,0.001901,0.958792,-0.213962,-0.245032,0.253307,-0.509071,-0.279276,1.073297,-0.304230,0.245003,-0.148997,-0.013226,0.032766,-0.022851,0.403127,0.628473,-0.507772,0.172405,0.115301,0.481882,0.356869,0.064526,-0.162631,-0.420675,-0.273236,0.041923,-0.512741
0.097836,0.039086,0.734428,0.015097,-0.209454,-0.111422,0.971332,0.119575,0.284916,0.030838,0.942627,-0.261188,-0.245031,0.217152,-0.504440,-0.248470,1.069360,-0.272427,0.245002,-0.173708,0.009950,0.029049,-0.017357,0.439545,0.635478,-0.477496,0.158144,0.112107,0.468873,0.373181,0.086320,-0.145037,-0.428284,-0.285025,0.032622,-0.509779
0.102294,0.052128,0.735509,0.010325,-0.201759,-0.130613,0.970632,0.138638,0.289598,0.072266,0.932107,-0.294173,-0.245025,0.175693,-0.511123,-0.211728,1.058891,-0.253202,0.245005,-0.183973,0.034666,0.028088,0.021437,0.422645,0.626071,-0.478649,0.135155,0.099586,0.478839,0.336277,0.072179,-0.162883,-0.434578,-0.278864,0.044965,-0.512067
0.106582,0.066417,0.736050,0.007677,-0.195109,-0.156036,0.968259,0.160484,0.287546,0.124427,0.926320,-0.322896,-0.245019,0.125067,-0.519886,-0.164362,1.049899,-0.240449,0.245007,-0.178420,0.059586,0.028712,0.075104,0.358518,0.597225,-0.500938,0.104628,0.076499,0.486936,0.259835,0.033474,-0.205991,-0.438205,-0.262442,0.069886,-0.520744
0.110659,0.080844,0.736016,0.007124,-0.189305,-0.186980,0.963925,0.185574,0.288111,0.196937,0.923740,-0.345938,-0.245018,0.065432,-0.518318,-0.093892,1.041646,-0.229444,0.245003,-0.158069,0.083426,0.030493,0.129522,0.269159,0.558451,-0.526914,0.095225,0.057474,0.499317,0.154970,-0.019296,-0.258412,-0.426090,-0.262616,0.114283,-0.529260
0.114289,0.094722,0.734854,0.007453,-0.183501,-0.221082,0.957807,0.206217,0.290095,0.277450,0.931786,-0.368048,-0.245017,-0.000563,-0.510170,-0.011980,1.039448,-0.223174,0.245001,-0.124751,0.104326,0.034538,0.189265,0.162144,0.531631,-0.564303,0.097080,0.033196,0.503398,0.041410,-0.072543,-0.315722,-0.390055,-0.290948,0.146205,-0.538276
0.117226,0.107228,0.732711,0.006461,-0.179144,-0.251317,0.951160,0.217735,0.291147,0.343057,0.951925,-0.390562,-0.245010,-0.058392,-0.502099,0.056524,1.040679,-0.213547,0.245006,-0.083531,0.120650,0.039142,0.239237,0.062970,0.489949,-0.586331,0.112819,0.008310,0.505909,-0.034975,-0.113046,-0.355324,-0.353055,-0.307388,0.160462,-0.546141
0.118888,0.117129,0.729864,0.003213,-0.175817,-0.272718,0.945887,0.219156,0.298939,0.388477,0.978648,-0.415714,-0.245004,-0.098895,-0.493564,0.097742,1.044232,-0.209175,0.245010,-0.041966,0.131030,0.043767,0.251780,0.011994,0.452726,-0.580843,0.139642,-0.014107,0.509863,-0.059276,-0.129200,-0.376916,-0.336600,-0.294680,0.161445,-0.552938
0.119223,0.124020,0.726782,-0.002519,-0.173016,-0.285332,0.942680,0.214628,0.320621,0.422359,1.009148,-0.445344,-0.245001,-0.121978,-0.476374,0.121539,1.051842,-0.207745,0.245011,-0.008690,0.136620,0.047353,0.228588,0.019166,0.436330,-0.562332,0.181001,-0.015545,0.522829,-0.031360,-0.135588,-0.374046,-0.345017,-0.301718,0.146806,-0.554409
0.118558,0.128245,0.723975,-0.011645,-0.169471,-0.289040,0.942125,0.197122,0.352065,0.433041,1.046582,-0.473768,-0.245001,-0.129448,-0.445523,0.131408,1.063420,-0.201915,0.245007,0.010977,0.138880,0.048603,0.164698,0.062771,0.438074,-0.536225,0.171012,0.003493,0.529800,0.033498,-0.098330,-0.364565,-0.378519,-0.274953,0.122774,-0.551566
0.117611,0.130568,0.721304,-0.024643,-0.166143,-0.284219,0.943933,0.166998,0.390690,0.415678,1.093602,-0.501836,-0.245004,-0.122748,-0.407965,0.123619,1.077562,-0.188342,0.245000,0.015179,0.140250,0.048803,0.085297,0.128177,0.445196,-0.501820,0.136429,0.034555,0.539607,0.123834,-0.022624,-0.337011,-0.422625,-0.238528,0.102455,-0.554667
0.117278,0.132075,0.718844,-0.041700,-0.164079,-0.272328,0.947194,0.133874,0.436025,0.382237,1.141617,-0.525639,-0.245006,-0.099325,-0.371909,0.097011,1.083553,-0.170735,0.244999,0.004548,0.143270,0.049408,0.013341,0.199881,0.475233,-0.470571,0.111334,0.058079,0.565180,0.226721,0.062216,-0.306444,-0.459400,-0.230789,0.057776,-0.560737
0.117951,0.134187,0.716613,-0.059222,-0.163667,-0.259239,0.950000,0.102997,0.477147,0.342769,1.186709,-0.538440,-0.244998,-0.074527,-0.342076,0.066314,1.085567,-0.145224,0.244996,-0.017480,0.149818,0.051805,-0.035369,0.278540,0.503285,-0.433974,0.108948,0.082923,0.588130,0.311687,0.137339,-0.274645,-0.480648,-0.241620,0.023735,-0.564145
0.119851,0.138294,0.714535,-0.074163,-0.164683,-0.252285,0.950648,0.083715,0.504292,0.312754,1.223699,-0.540999,-0.245001,-0.066026,-0.324640,0.042985,1.091243,-0.108978,0.244997,-0.043078,0.160369,0.056104,-0.046107,0.336594,0.517141,-0.408383,0.093909,0.093088,0.611038,0.348053,0.174545,-0.259074,-0.490814,-0.249342,0.009804,-0.565291
0.123218,0.145083,0.712471,-0.083926,-0.166221,-0.258338,0.947939,0.089249,0.511126,0.310869,1.245917,-0.545798,-0.244999,-0.085236,-0.322548,0.037971,1.102924,-0.063973,0.244999,-0.061220,0.175473,0.061019,0.001905,0.368235,0.520007,-0.401280,0.090602,0.084609,0.627449,0.324627,0.166229,-0.269907,-0.492967,-0.248228,0.016059,-0.564023
0.127853,0.153689,0.710303,-0.088775,-0.169332,-0.276939,0.941674,0.119857,0.505063,0.341308,1.257183,-0.549894,-0.245009,-0.121922,-0.326556,0.057217,1.116666,-0.021814,0.245005,-0.065131,0.191714,0.066123,0.089519,0.355054,0.514408,-0.412118,0.092938,0.069307,0.643995,0.238349,0.121064,-0.302343,-0.483011,-0.235953,0.053793,-0.578586
0.133254,0.162921,0.708133,-0.087732,-0.175201,-0.305955,0.931665,0.166605,0.479761,0.391564,1.260236,-0.543899,-0.245008,-0.168557,-0.333502,0.100630,1.130247,0.012213,0.245006,-0.052159,0.204881,0.071509,0.207459,0.272095,0.517913,-0.473612,0.064071,0.047748,0.633301,0.113899,0.051740,-0.341775,-0.453979,-0.237117,0.112022,-0.578762
0.138612,0.171337,0.705905,-0.083684,-0.182830,-0.338915,0.919079,0.218599,0.443811,0.448250,1.255642,-0.534251,-0.245008,-0.212909,-0.342544,0.150988,1.138486,0.032620,0.245010,-0.024829,0.213094,0.075884,0.322247,0.142565,0.503752,-0.537400,0.049152,0.025426,0.623358,0.008520,-0.024278,-0.376024,-0.403666,-0.259189,0.162472,-0.584889
0.142718,0.177781,0.703486,-0.080835,-0.189808,-0.364201,0.908183,0.259716,0.413829,0.492895,1.250240,-0.535542,-0.245005,-0.239544,-0.351393,0.186186,1.140281,0.032883,0.245016,0.011987,0.214957,0.077801,0.398909,0.021754,0.477543,-0.582523,0.078744,-0.003436,0.618252,-0.064921,-0.072963,-0.399746,-0.352880,-0.260771,0.192895,-0.595734
0.144469,0.181218,0.701138,-0.081201,-0.194072,-0.374209,0.903167,0.280917,0.407915,0.516866,1.251101,-0.549010,-0.245004,-0.234615,-0.351802,0.202450,1.134223,0.003185,0.245016,0.048658,0.209803,0.076404,0.411328,-0.043959,0.448261,-0.596663,0.113855,-0.024593,0.627398,-0.066099,-0.094867,-0.403948,-0.332466,-0.241581,0.198582,-0.589338
0.144222,0.181617,0.699108,-0.084338,-0.195515,-0.373635,0.902806,0.286290,0.420337,0.522046,1.258262,-0.570741,-0.245003,-0.211738,-0.341807,0.207556,1.128633,-0.032606,0.245014,0.074897,0.200707,0.072791,0.370405,-0.050675,0.436491,-0.612947,0.133356,-0.025282,0.624253,-0.005696,-0.092437,-0.390987,-0.349614,-0.247671,0.173533,-0.585178
0.142625,0.179513,0.697408,-0.089318,-0.194804,-0.367497,0.904997,0.274727,0.443021,0.508411,1.275658,-0.587116,-0.245001,-0.189178,-0.322565,0.207231,1.136279,-0.058421,0.245013,0.084309,0.189038,0.070201,0.295815,-0.012719,0.472444,-0.636493,0.174472,-0.019878,0.620023,0.086823,-0.035587,-0.366993,-0.399234,-0.216502,0.146057,-0.566862
0.140622,0.175687,0.696756,-0.094810,-0.193754,-0.357050,0.908838,0.257227,0.468045,0.484024,1.290569,-0.593715,-0.245002,-0.169598,-0.302184,0.199582,1.151795,-0.061547,0.245014,0.076813,0.175454,0.069081,0.213652,0.030033,0.521021,-0.667441,0.217046,-0.017759,0.627818,0.193831,0.043583,-0.325753,-0.460711,-0.175278,0.115031,-0.554767
0.138811,0.171045,0.697556,-0.100845,-0.193671,-0.343059,0.913582,0.241593,0.490719,0.453082,1.295816,-0.593473,-0.245005,-0.147206,-0.280210,0.187471,1.164670,-0.042578,0.245010,0.055695,0.161286,0.068896,0.143510,0.090269,0.571607,-0.697209,0.235368,-0.018325,0.636849,0.288912,0.108060,-0.299664,-0.498275,-0.220265,0.076274,-0.540775
0.137638,0.166859,0.699538,-0.107591,-0.194556,-0.325835,0.918914,0.230124,0.503967,0.413912,1.288177,-0.592182,-0.244993,-0.124181,-0.264440,0.167459,1.170019,-0.006319,0.245007,0.029331,0.150388,0.068105,0.089221,0.168809,0.612978,-0.706373,0.249768,-0.019161,0.649317,0.349826,0.162911,-0.303274,-0.515934,-0.275604,0.042322,-0.555955
0.137275,0.163841,0.702511,-0.112474,-0.195060,-0.310908,0.923384,0.229598,0.507550,0.384680,1.266434,-0.594140,-0.244991,-0.109049,-0.257810,0.147465,1.168747,0.034030,0.245012,0.004740,0.145680,0.067029,0.057124,0.255513,0.643965,-0.685617,0.279648,-0.004298,0.669441,0.358793,0.195398,-0.331175,-0.521247,-0.256699,0.033901,-0.582767
0.137318,0.162005,0.706890,-0.115423,-0.194303,-0.302328,0.926025,0.248168,0.510338,0.384889,1.224760,-0.602186,-0.244983,-0.103988,-0.255795,0.134345,1.161830,0.068809,0.245025,-0.013177,0.146534,0.067126,0.050171,0.331547,0.650370,-0.641737,0.306508,0.028064,0.665793,0.323666,0.193549,-0.390278,-0.518394,-0.197177,0.050709,-0.631583
0.136905,0.160385,0.714420,-0.114876,-0.193063,-0.300202,0.927043,0.276990,0.505465,0.403786,1.168001,-0.609807,-0.244955,-0.109736,-0.261747,0.131249,1.156467,0.090558,0.244995,-0.022107,0.148606,0.068899,0.065851,0.388347,0.634552,-0.586103,0.323848,0.081364,0.619956,0.250462,0.165732,-0.476233,-0.517447,-0.128916,0.085358,-0.727062
0.135675,0.157998,0.719366,-0.111338,-0.189687,-0.301446,0.927768,0.296281,0.495008,0.422353,1.113041,-0.604969,-0.244892,-0.120146,-0.275289,0.120690,1.147566,0.100789,0.244996,-0.024864,0.148162,0.071140,0.090715,0.436510,0.612840,-0.532554,0.323238,0.158043,0.515441,0.137352,0.147119,-0.553639,-0.535518,0.035115,0.103448,-0.794490
0.133335,0.154013,0.721432,-0.107217,-0.182667,-0.300643,0.929920,0.295303,0.489862,0.429685,1.068140,-0.587461,-0.244893,-0.124395,-0.284400,0.099294,1.126646,0.101226,0.245033,-0.026655,0.141924,0.071844,0.147389,0.456417,0.551375,-0.499938,0.329430,0.235101,0.368497,0.017558,0.120304,-0.631297,-0.573349,0.221242,0.100958,-0.852013
0.129809,0.148522,0.727574,-0.103055,-0.172645,-0.292470,0.934898,0.274452,0.489431,0.419144,1.025723,-0.558506,-0.244939,-0.111317,-0.287188,0.075136,1.087229,0.083769,0.245035,-0.029507,0.129325,0.069410,0.207195,0.461394,0.449987,-0.487154,0.356730,0.277132,0.172419,-0.079404,0.067546,-0.729197,-0.614245,0.307115,0.084926,-0.876544
0.125377,0.141245,0.735678,-0.098197,-0.160285,-0.278835,0.941763,0.244632,0.490199,0.397493,0.976081,-0.522902,-0.244994,-0.082172,-0.287228,0.040286,1.030015,0.042636,0.245035,-0.034595,0.110765,0.062487,0.260314,0.435411,0.329869,-0.480322,0.397922,0.276278,-0.032649,-0.165288,0.000426,-0.835305,-0.654490,0.302030,0.067582,-0.879730
0.120891,0.132797,0.744798,-0.092011,-0.147406,-0.263089,0.948994,0.216461,0.483803,0.370579,0.914809,-0.479541,-0.245003,-0.046340,-0.299329,-0.017160,0.960624,0.002939,0.245028,-0.041481,0.088112,0.051018,0.308212,0.367081,0.225551,-0.459086,0.467875,0.259177,-0.237297,-0.243714,-0.082383,-0.926397,-0.687635,0.250120,0.061609,-0.861598
0.116946,0.123695,0.753976,-0.085122,-0.133891,-0.246525,0.956061,0.191630,0.471302,0.340234,0.846057,-0.427808,-0.244968,-0.008275,-0.317640,-0.087733,0.884521,-0.035248,0.245017,-0.047646,0.062940,0.035383,0.343574,0.248772,0.173106,-0.422113,0.573486,0.250405,-0.409029,-0.300076,-0.192051,-0.994239,-0.705283,0.156286,0.075622,-0.838256
0.114040,0.114004,0.762583,-0.077378,-0.121081,-0.231332,0.962204,0.180542,0.454516,0.316703,0.766471,-0.369208,-0.244984,0.032639,-0.346012,-0.176422,0.808692,-0.076347,0.244999,-0.047427,0.036138,0.016496,0.371387,0.090452,0.185541,-0.374547,0.727154,0.248281,-0.481406,-0.296449,-0.334043,-1.035543,-0.699865,-0.016689,0.100239,-0.767686
0.111884,0.103395,0.770578,-0.069692,-0.109249,-0.220208,0.966807,0.180604,0.440650,0.303821,0.687095,-0.303807,-0.244992,0.075722,-0.373448,-0.286994,0.735178,-0.107724,0.244664,-0.034978,0.007547,-0.002838,0.385005,-0.065153,0.241770,-0.347755,0.883163,0.239617,-0.424576,-0.234221,-0.514011,-1.032693,-0.661830,-0.197158,0.133629,-0.653132
0.109980,0.091985,0.777500,-0.061158,-0.100104,-0.214632,0.969625,0.185696,0.427827,0.297403,0.621016,-0.231591,-0.244997,0.115840,-0.391559,-0.393852,0.669320,-0.129063,0.242978,-0.011067,-0.021658,-0.020171,0.393031,-0.183317,0.299617,-0.331778,0.947930,0.223738,-0.291600,-0.125576,-0.716652,-0.996175,-0.602679,-0.314345,0.178096,-0.495303
0.107717,0.079897,0.782416,-0.050397,-0.094853,-0.218579,0.969890,0.191359,0.416111,0.302549,0.581595,-0.158063,-0.244998,0.142206,-0.401539,-0.468728,0.620643,-0.155625,0.233420,0.015466,-0.048957,-0.033585,0.406026,-0.253600,0.350721,-0.308363,0.894884,0.190972,-0.150806,0.022094,-0.940998,-0.939918,-0.519129,-0.404926,0.250581,-0.286720
0.104798,0.067429,0.784598,-0.038202,-0.095132,-0.230958,0.967548,0.198589,0.405558,0.316828,0.571521,-0.093251,-0.244997,0.147336,-0.404921,-0.470985,0.600762,-0.196756,0.230656,0.035727,-0.073455,-0.041501,0.433604,-0.275553,0.390093,-0.284582,0.796655,0.157223,-0.035823,0.169076,-1.214209,-0.846390,-0.402763,-0.488405,0.292787,-0.027853
0.100832,0.054109,0.784769,-0.025422,-0.101346,-0.248224,0.963051,0.208177,0.395951,0.330990,0.582234,-0.028545,-0.245006,0.138028,-0.407210,-0.426737,0.611756,-0.245395,0.230142,0.050444,-0.095774,-0.044882,0.474278,-0.271155,0.408292,-0.264010,0.707683,0.142080,0.022391,0.299895,-1.483877,-0.713317,-0.296784,-0.493897,0.298594,0.191757
0.096024,0.039832,0.783973,-0.015682,-0.108723,-0.262960,0.958533,0.213598,0.391336,0.331630,0.599149,0.037080,-0.245000,0.125848,-0.407962,-0.389919,0.643172,-0.290626,0.220149,0.065523,-0.118774,-0.044351,0.501779,-0.254536,0.410567,-0.258467,0.624670,0.126144,-0.016938,0.413681,-1.712362,-0.582624,-0.212795,-0.447180,0.260936,0.376410
0.090170,0.024418,0.782893,-0.010443,-0.115661,-0.270310,0.955744,0.207535,0.396702,0.313103,0.620104,0.103137,-0.244997,0.119061,-0.402029,-0.375237,0.683253,-0.323166,0.200142,0.080233,-0.143202,-0.039912,0.490040,-0.231474,0.421132,-0.277753,0.554443,0.143821,-0.132506,0.512712,-1.778805,-0.463899,-0.196836,-0.488289,0.188170,0.528186
0.083210,0.007759,0.781938,-0.009415,-0.121331,-0.265655,0.956356,0.184115,0.416990,0.275551,0.643787,0.168441,-0.245005,0.127377,-0.385225,-0.387335,0.713746,-0.332799,0.171877,0.091197,-0.164608,-0.031724,0.476610,-0.215070,0.432554,-0.319454,0.552983,0.142800,-0.205440,0.569571,-1.777739,-0.370373,-0.214481,-0.499218,0.151219,0.632333
0.075413,-0.009673,0.780873,-0.012731,-0.124586,-0.249205,0.960319,0.139003,0.451936,0.217725,0.672625,0.223429,-0.245013,0.152846,-0.356534,-0.426890,0.726169,-0.329587,0.147952,0.093181,-0.179944,-0.019405,0.452610,-0.218765,0.440921,-0.377519,0.604922,0.116161,-0.165871,0.546190,-1.688766,-0.280318,-0.254338,-0.469743,0.166855,0.676767
0.067283,-0.026692,0.780110,-0.019183,-0.125291,-0.224320,0.966237,0.076513,0.491762,0.146010,0.701316,0.267193,-0.245040,0.185152,-0.319845,-0.484339,0.725813,-0.323033,0.130298,0.083919,-0.187287,-0.005651,0.415608,-0.246210,0.436427,-0.429730,0.633041,0.092800,-0.061207,0.406297,-1.421970,-0.174535,-0.268858,-0.468432,0.224588,0.632323
0.059602,-0.042180,0.782015,-0.025320,-0.126481,-0.196664,0.971949,0.014723,0.530992,0.073732,0.725751,0.294060,-0.244985,0.212809,-0.284078,-0.536363,0.729409,-0.323051,0.122467,0.064685,-0.186340,0.005246,0.365406,-0.269706,0.430844,-0.463276,0.636987,0.078681,0.062564,0.253540,-1.024107,-0.147796,-0.207383,-0.415503,0.315455,0.499370
0.052974,-0.055316,0.780138,-0.028383,-0.129989,-0.173636,0.975781,-0.029484,0.557479,0.027749,0.743398,0.295813,-0.244982,0.228511,-0.259654,-0.567154,0.749522,-0.334656,0.125358,0.037021,-0.178088,0.012516,0.324623,-0.285125,0.433367,-0.490826,0.605601,0.054199,0.190074,0.164062,-0.573290,-0.289298,-0.122983,-0.234305,0.351002,0.280460
0.047882,-0.065670,0.776026,-0.028551,-0.135462,-0.154012,0.978323,-0.059031,0.572622,0.000662,0.758825,0.292354,-0.244981,0.241095,-0.251814,-0.597363,0.781511,-0.358161,0.123225,0.007677,-0.165385,0.017717,0.286050,-0.289567,0.448415,-0.529846,0.551624,0.031151,0.285963,0.149411,-0.174314,-0.506023,-0.090296,-0.034931,0.295207,0.013225
0.044336,-0.073243,0.770358,-0.025629,-0.142942,-0.139271,0.979548,-0.072721,0.570888,-0.027602,0.773877,0.278530,-0.244979,0.253233,-0.257894,-0.624225,0.820796,-0.397791,0.114033,-0.018580,-0.151383,0.022123,0.247261,-0.299167,0.472193,-0.597934,0.476680,0.011389,0.372338,0.166509,0.109084,-0.666603,-0.081936,0.078269,0.219194,-0.332320
0.042036,-0.078091,0.763734,-0.021111,-0.151762,-0.131160,0.979449,-0.071807,0.561045,-0.048255,0.792448,0.257491,-0.244979,0.262651,-0.271710,-0.639789,0.863260,-0.448345,0.105121,-0.038990,-0.139736,0.027141,0.201018,-0.289030,0.519688,-0.683618,0.365901,-0.014152,0.456410,0.207583,0.237743,-0.698683,-0.017364,0.177500,0.219135,-0.652056
0.040662,-0.080290,0.756749,-0.013852,-0.160091,-0.129152,0.978519,-0.062697,0.544339,-0.057128,0.815921,0.229852,-0.244978,0.269438,-0.297387,-0.648772,0.902994,-0.511033,0.103865,-0.047837,-0.130400,0.032946,0.126385,-0.231766,0.592980,-0.773419,0.281331,-0.018166,0.515908,0.292758,0.204085,-0.521296,0.081668,0.190730,0.345832,-0.693102
0.039796,-0.080779,0.750117,-0.005207,-0.167086,-0.128641,0.977500,-0.054857,0.525611,-0.057774,0.842543,0.203198,-0.244990,0.270038,-0.330475,-0.648451,0.945114,-0.568664,0.108950,-0.042030,-0.123385,0.040883,0.005304,-0.165600,0.701021,-0.870260,0.186981,-0.014113,0.584288,0.397273,0.039066,-0.208879,0.203437,0.043850,0.414155,-0.581498
0.038653,-0.080910,0.744451,0.003992,-0.173850,-0.127978,0.976413,-0.054435,0.516514,-0.041346,0.874262,0.190026,-0.244987,0.265563,-0.363991,-0.640168,0.988173,-0.610576,0.114476,-0.024399,-0.117206,0.051954,-0.142444,-0.082608,0.845293,-0.939555,0.121639,-0.008916,0.666619,0.467226,-0.173326,0.172047,0.350871,-0.251257,0.405548,-0.425748
0.036764,-0.081621,0.740080,0.014825,-0.179778,-0.129449,0.975040,-0.062404,0.515299,-0.013645,0.910342,0.190557,-0.244962,0.254637,-0.396635,-0.623992,1.031016,-0.639432,0.115605,-0.001866,-0.111523,0.066432,-0.305310,0.017610,0.985185,-0.985535,0.100651,-0.015360,0.740530,0.490752,-0.295689,0.428689,0.496833,-0.502222,0.358562,-0.246212
0.034200,-0.083387,0.737521,0.023125,-0.184266,-0.131340,0.973787,-0.077470,0.521342,0.010629,0.943171,0.197962,-0.244937,0.248096,-0.415686,-0.611683,1.055263,-0.656073,0.112263,0.018585,-0.107208,0.082661,-0.451440,0.145713,1.076450,-0.988234,0.130715,-0.035184,0.753614,0.494039,-0.286329,0.465532,0.584847,-0.505263,0.399764,-0.030503
0.031065,-0.086343,0.737008,0.028159,-0.186107,-0.128989,0.973619,-0.101236,0.527668,0.022213,0.962808,0.210352,-0.244916,0.248199,-0.419034,-0.611558,1.058540,-0.661081,0.105788,0.033252,-0.105669,0.097001,-0.563525,0.289161,1.074037,-0.926059,0.186518,-0.046205,0.652010,0.493089,-0.255830,0.436701,0.660503,-0.464837,0.456860,0.120913
0.027775,-0.090466,0.738560,0.030909,-0.186829,-0.118609,0.974716,-0.133394,0.525745,0.009820,0.969051,0.225210,-0.244913,0.261543,-0.411248,-0.631687,1.043286,-0.654861,0.098782,0.040513,-0.105043,0.107357,-0.635427,0.434305,0.957464,-0.805538,0.188106,0.019031,0.399691,0.492496,-0.254928,0.453859,0.724314,-0.515610,0.464273,0.219123
0.024976,-0.095071,0.742194,0.030368,-0.185864,-0.099367,0.977066,-0.169136,0.518689,-0.013326,0.961412,0.242045,-0.244788,0.285425,-0.394340,-0.669851,1.014317,-0.628545,0.096961,0.034988,-0.103273,0.114420,-0.655334,0.620645,0.793827,-0.650799,0.198261,0.129164,0.058278,0.501903,-0.252163,0.449136,0.758964,-0.587003,0.457649,0.246260
0.022827,-0.099129,0.747486,0.027086,-0.183486,-0.076207,0.979690,-0.199218,0.507937,-0.035300,0.941534,0.256083,-0.244928,0.307156,-0.372693,-0.709671,0.982421,-0.583504,0.101342,0.016137,-0.099400,0.118521,-0.618953,0.855771,0.596937,-0.505321,0.237405,0.208474,-0.185784,0.515117,-0.252645,0.424706,0.766044,-0.647775,0.441054,0.243285
0.021321,-0.101925,0.753972,0.022423,-0.178777,-0.055548,0.982064,-0.217457,0.498316,-0.048915,0.908319,0.269281,-0.244962,0.316387,-0.351571,-0.741375,0.953829,-0.523607,0.106875,-0.012786,-0.093293,0.119122,-0.570088,1.129426,0.343781,-0.394511,0.246218,0.241582,-0.332644,0.520294,-0.236670,0.361093,0.754676,-0.669829,0.422874,0.248802
0.020538,-0.102900,0.761080,0.017089,-0.173462,-0.038044,0.983957,-0.222843,0.493944,-0.052724,0.863720,0.286107,-0.244980,0.319223,-0.333258,-0.766359,0.926312,-0.458612,0.114257,-0.046121,-0.084577,0.115982,-0.478217,1.361647,0.088712,-0.353131,0.179526,0.241539,-0.409696,0.524494,-0.212926,0.261259,0.723590,-0.672010,0.405715,0.249737
0.020580,-0.101486,0.768364,0.013960,-0.168819,-0.024322,0.985248,-0.215973,0.483856,-0.056707,0.814861,0.299076,-0.245000,0.318540,-0.325624,-0.782651,0.902736,-0.392028,0.123223,-0.078954,-0.069478,0.109550,-0.389654,1.552728,-0.138307,-0.356416,0.116474,0.229917,-0.445395,0.532049,-0.192870,0.113524,0.663021,-0.656713,0.394830,0.220059
0.021460,-0.097274,0.775260,0.012811,-0.166183,-0.015485,0.985890,-0.195182,0.470418,-0.052423,0.766776,0.304573,-0.245000,0.320020,-0.328941,-0.795071,0.881201,-0.332334,0.127669,-0.107469,-0.050359,0.101357,-0.319113,1.636418,-0.328386,-0.368521,0.089344,0.222798,-0.460705,0.540216,-0.147021,-0.071099,0.577591,-0.624165,0.381540,0.141041
0.023178,-0.090398,0.781180,0.011971,-0.163181,-0.011961,0.986451,-0.170193,0.453686,-0.042964,0.727356,0.304443,-0.244999,0.323260,-0.334748,-0.803993,0.853686,-0.288266,0.133419,-0.130127,-0.033670,0.094910,-0.292642,1.637314,-0.472856,-0.372248,0.097106,0.227884,-0.472912,0.534510,-0.059557,-0.268799,0.463661,-0.539230,0.328350,0.022729
0.025543,-0.081174,0.785420,0.013253,-0.159714,-0.014441,0.986969,-0.141905,0.427243,-0.030243,0.701157,0.299178,-0.245000,0.326466,-0.344135,-0.806010,0.820472,-0.266156,0.139485,-0.147222,-0.021407,0.090648,-0.273334,1.560724,-0.579936,-0.340099,0.150463,0.247976,-0.444030,0.499698,0.037145,-0.428384,0.342222,-0.403872,0.258695,-0.113681
0.028404,-0.069885,0.786791,0.017230,-0.157787,-0.021958,0.987079,-0.109577,0.400887,0.001389,0.683630,0.293148,-0.244987,0.329764,-0.361895,-0.798156,0.790551,-0.265863,0.149776,-0.159507,-0.013433,0.087356,-0.235334,1.424134,-0.615273,-0.277417,0.202049,0.285288,-0.372845,0.440286,0.108135,-0.528293,0.230839,-0.252221,0.190068,-0.288369
0.031429,-0.057204,0.783193,0.025038,-0.156505,-0.035974,0.986704,-0.072247,0.372163,0.044944,0.664965,0.295347,-0.245021,0.326223,-0.390606,-0.774978,0.769941,-0.286847,0.165348,-0.164734,-0.009544,0.084443,-0.139323,1.232905,-0.550023,-0.204085,0.264246,0.317431,-0.257284,0.366311,0.154820,-0.578132,0.123333,-0.102012,0.129135,-0.482894
0.033915,-0.043533,0.782011,0.036069,-0.154214,-0.056156,0.985781,-0.037410,0.347025,0.101906,0.650908,0.288767,-0.245015,0.308060,-0.432960,-0.740325,0.763970,-0.329389,0.180059,-0.160110,-0.009017,0.082515,0.008194,0.984380,-0.384828,-0.151738,0.349987,0.322676,-0.106904,0.290993,0.175484,-0.592435,0.006341,0.030427,0.084769,-0.661285
0.036033,-0.029090,0.779929,0.048383,-0.152162,-0.081735,0.983781,-0.001841,0.322497,0.170063,0.646995,0.267445,-0.245009,0.274426,-0.488120,-0.694342,0.778642,-0.379148,0.194088,-0.143543,-0.012264,0.083038,0.167045,0.689343,-0.168201,-0.157685,0.393608,0.289341,0.024556,0.219272,0.160751,-0.589518,-0.114824,0.140747,0.042768,-0.787984
0.037590,-0.014721,0.776062,0.060233,-0.151196,-0.108768,0.980654,0.028861,0.302333,0.240735,0.656674,0.226415,-0.245007,0.218380,-0.547119,-0.621913,0.820387,-0.414588,0.209031,-0.118086,-0.019149,0.087475,0.295942,0.370140,0.018376,-0.201685,0.388743,0.228102,0.120655,0.128857,0.101827,-0.580061,-0.243091,0.211719,0.021661,-0.836434
0.038315,-0.001248,0.769898,0.072862,-0.151680,-0.132377,0.976811,0.044673,0.283599,0.306085,0.688096,0.171767,-0.245019,0.146865,-0.604622,-0.531430,0.882654,-0.444831,0.223077,-0.088538,-0.028710,0.095391,0.377327,0.115886,0.140009,-0.219268,0.373934,0.161034,0.192100,0.013632,0.013804,-0.591682,-0.357166,0.211892,0.012193,-0.840390
0.038368,0.010756,0.761896,0.085311,-0.153238,-0.151133,0.972830,0.049228,0.261311,0.356101,0.730172,0.103735,-0.245010,0.088455,-0.651932,-0.458227,0.929872,-0.494389,0.231897,-0.057034,-0.041498,0.103119,0.418255,-0.045120,0.191654,-0.191245,0.365990,0.115649,0.268354,-0.125340,-0.091099,-0.613636,-0.437536,0.146585,0.028490,-0.832831
0.038000,0.021482,0.752912,0.094351,-0.154873,-0.163822,0.969678,0.043911,0.237089,0.381169,0.775865,0.024106,-0.245008,0.032710,-0.687016,-0.391523,0.977861,-0.530661,0.237558,-0.029202,-0.055940,0.112841,0.432833,-0.104564,0.187636,-0.132113,0.365390,0.090525,0.318782,-0.273410,-0.214928,-0.620886,-0.474394,0.031039,0.052632,-0.797421
0.037329,0.031101,0.742395,0.101264,-0.155767,-0.171062,0.967585,0.027149,0.214177,0.386891,0.829967,-0.069201,-0.245006,-0.031264,-0.715715,-0.324564,1.041004,-0.555118,0.241866,-0.007705,-0.070412,0.124222,0.431257,-0.099832,0.154754,-0.052428,0.366516,0.069639,0.337869,-0.376902,-0.365175,-0.581793,-0.458411,-0.123988,0.094892,-0.709404
0.037003,0.039806,0.730366,0.106480,-0.156046,-0.174687,0.966331,0.005390,0.200809,0.389993,0.889163,-0.158616,-0.245007,-0.082032,-0.739032,-0.280024,1.088886,-0.587728,0.244249,0.010120,-0.084389,0.133168,0.421373,-0.065234,0.127017,0.023320,0.412354,0.066774,0.323665,-0.456706,-0.548325,-0.479339,-0.384977,-0.271261,0.168013,-0.510498
0.037579,0.047814,0.723052,0.107206,-0.155381,-0.173125,0.966639,-0.015033,0.198523,0.389598,0.939446,-0.229343,-0.245008,-0.115929,-0.753699,-0.252133,1.127060,-0.594777,0.244854,0.026180,-0.095266,0.138567,0.405820,-0.054881,0.139776,0.069314,0.436231,0.059315,0.318580,-0.515044,-0.757152,-0.324128,-0.294898,-0.361857,0.220053,-0.205307
0.039220,0.055560,0.721182,0.106562,-0.154948,-0.168715,0.967559,-0.032400,0.197892,0.387961,0.978631,-0.275927,-0.245003,-0.135218,-0.766192,-0.236317,1.154359,-0.584313,0.244957,0.041258,-0.102288,0.140203,0.392720,-0.077638,0.183508,0.094142,0.418009,0.052055,0.367873,-0.553946,-0.985276,-0.118129,-0.215173,-0.405330,0.239966,0.133777
0.042251,0.063286,0.722089,0.105421,-0.153269,-0.162953,0.968938,-0.050134,0.195864,0.384209,1.004945,-0.280597,-0.245001,-0.134215,-0.772423,-0.237478,1.147951,-0.564429,0.244978,0.056468,-0.108005,0.136662,0.388051,-0.114661,0.229289,0.108263,0.362574,0.036973,0.410823,-0.575397,-1.195403,0.126491,-0.174899,-0.418244,0.212177,0.425473
0.047061,0.071245,0.726864,0.103830,-0.151628,-0.156889,0.970368,-0.057582,0.183639,0.376815,1.007492,-0.265998,-0.244996,-0.113245,-0.776182,-0.253012,1.114660,-0.527671,0.244986,0.071576,-0.112777,0.126607,0.396339,-0.153356,0.277256,0.112562,0.312158,0.012697,0.444406,-0.586377,-1.352935,0.391509,-0.170590,-0.440528,0.172500,0.619410
0.053570,0.079319,0.735432,0.100007,-0.149435,-0.150498,0.972120,-0.042702,0.163502,0.369349,0.969840,-0.258288,-0.244987,-0.077578,-0.773041,-0.279489,1.061242,-0.464235,0.244989,0.087724,-0.117072,0.108036,0.414895,-0.200080,0.340794,0.093869,0.289696,-0.016203,0.492399,-0.609773,-1.445797,0.643473,-0.188318,-0.516672,0.102376,0.737592
0.061522,0.087316,0.746825,0.094175,-0.146060,-0.141436,0.974573,-0.009263,0.145009,0.365618,0.900238,-0.255853,-0.244982,-0.027252,-0.765284,-0.321407,0.990068,-0.376099,0.244988,0.108198,-0.117742,0.082785,0.408820,-0.243261,0.421922,0.035898,0.262522,-0.021416,0.536694,-0.597293,-1.457844,0.861611,-0.187172,-0.619296,0.042191,0.802003
0.070330,0.095375,0.759757,0.086921,-0.141227,-0.130045,0.977542,0.030981,0.127801,0.360409,0.811673,-0.244793,-0.244973,0.032403,-0.754778,-0.376145,0.905490,-0.266877,0.244984,0.132856,-0.112515,0.055846,0.393705,-0.291914,0.507043,-0.025141,0.205611,-0.045693,0.573947,-0.551226,-1.397351,1.005285,-0.153226,-0.672300,0.060823,0.819630
0.079198,0.103398,0.772612,0.078454,-0.135763,-0.115915,0.980804,0.066523,0.111906,0.345730,0.720970,-0.214421,-0.244961,0.092623,-0.743285,-0.434878,0.820748,-0.138714,0.244978,0.158862,-0.101626,0.030646,0.359653,-0.322654,0.594315,-0.091950,0.142727,-0.084210,0.607491,-0.435690,-1.293012,1.046048,-0.101315,-0.676449,0.134907,0.775983
0.087458,0.111132,0.783671,0.068622,-0.130490,-0.100891,0.983913,0.092510,0.100009,0.321783,0.642844,-0.176989,-0.244972,0.145518,-0.725834,-0.479972,0.744510,-0.007355,0.244987,0.177623,-0.087374,0.008991,0.309828,-0.320535,0.683726,-0.164938,0.070448,-0.120909,0.623102,-0.266181,-1.146918,1.012067,-0.026227,-0.682585,0.233314,0.694099
0.094589,0.118217,0.791905,0.059812,-0.125985,-0.084693,0.986599,0.109029,0.090865,0.295184,0.582902,-0.144372,-0.244968,0.185803,-0.703712,-0.501830,0.684921,0.104173,0.244982,0.183871,-0.072493,-0.008917,0.241303,-0.286178,0.774415,-0.242799,0.009693,-0.139247,0.626690,-0.055969,-0.971754,0.911512,0.073160,-0.699546,0.337493,0.578248
0.100391,0.124690,0.797219,0.052353,-0.121799,-0.065602,0.989000,0.114081,0.082468,0.261552,0.544329,-0.128601,-0.244941,0.216272,-0.684093,-0.512892,0.646756,0.189523,0.244974,0.177294,-0.059616,-0.022621,0.160809,-0.211833,0.853911,-0.323362,-0.031601,-0.135397,0.614352,0.143978,-0.765314,0.759789,0.208021,-0.720834,0.422954,0.430707
0.104727,0.130217,0.801029,0.045553,-0.117204,-0.042097,0.991169,0.105453,0.077098,0.220113,0.529286,-0.132027,-0.244923,0.244164,-0.670844,-0.523876,0.625900,0.249349,0.244959,0.159575,-0.050342,-0.032321,0.068984,-0.098227,0.900726,-0.391997,-0.037674,-0.119686,0.559456,0.311472,-0.526378,0.532780,0.355949,-0.685786,0.475787,0.256582
0.107853,0.134694,0.800975,0.038496,-0.113065,-0.014343,0.992738,0.080251,0.081219,0.175845,0.548668,-0.153518,-0.244572,0.271779,-0.658008,-0.539438,0.621566,0.282279,0.244967,0.133365,-0.044406,-0.036176,-0.023733,0.048694,0.904142,-0.430645,0.001150,-0.084060,0.463582,0.435896,-0.286844,0.254659,0.472895,-0.590015,0.481016,0.080625
0.109830,0.138241,0.798109,0.031383,-0.110092,0.014605,0.993318,0.043219,0.089452,0.136436,0.596194,-0.192015,-0.237172,0.298934,-0.647412,-0.563866,0.631583,0.294812,0.244880,0.101331,-0.039887,-0.034662,-0.110655,0.217445,0.858588,-0.427080,0.063895,-0.018575,0.331727,0.506864,-0.112470,0.060718,0.546312,-0.520515,0.472953,-0.069416
0.110703,0.141321,0.793238,0.025010,-0.107599,0.038471,0.993135,-0.000476,0.092138,0.095387,0.661019,-0.239198,-0.228495,0.312955,-0.642530,-0.581472,0.654775,0.301004,0.243975,0.064039,-0.033667,-0.028320,-0.176609,0.403434,0.772605,-0.385473,0.122196,0.062857,0.151231,0.538433,-0.027297,-0.006032,0.598773,-0.540498,0.441329,-0.170551
0.110577,0.144351,0.787083,0.017933,-0.106069,0.056941,0.992565,-0.048327,0.094427,0.055576,0.740075,-0.286373,-0.225288,0.310571,-0.641798,-0.588875,0.694546,0.298449,0.240990,0.023765,-0.023582,-0.018311,-0.217610,0.604460,0.645099,-0.326598,0.139430,0.160158,-0.051329,0.549297,0.023392,-0.070757,0.625315,-0.555851,0.409445,-0.216420
0.109622,0.147672,0.780500,0.009249,-0.105527,0.070168,0.991895,-0.099788,0.099920,0.024795,0.829722,-0.319734,-0.217566,0.293533,-0.638878,-0.578823,0.743249,0.296723,0.244213,-0.017486,-0.010193,-0.005013,-0.227128,0.823642,0.482634,-0.274934,0.146756,0.219398,-0.215670,0.543725,0.066686,-0.171195,0.622793,-0.533321,0.387714,-0.249629
0.108096,0.151450,0.774017,0.000867,-0.106147,0.078020,0.991284,-0.145820,0.105798,0.005465,0.914774,-0.338495,-0.204930,0.256876,-0.629930,-0.530128,0.796942,0.296921,0.244796,-0.058106,0.005255,0.011930,-0.192152,1.016800,0.313269,-0.252232,0.153676,0.256593,-0.332190,0.528166,0.093427,-0.260878,0.610153,-0.515728,0.359999,-0.288995
0.106249,0.155708,0.767933,-0.006057,-0.108065,0.079044,0.990978,-0.176995,0.108036,-0.009137,0.982631,-0.353957,-0.198214,0.208539,-0.618262,-0.458320,0.851340,0.298937,0.244901,-0.093083,0.021371,0.031472,-0.151633,1.178627,0.146096,-0.247321,0.137556,0.271109,-0.410706,0.502942,0.105333,-0.328823,0.579339,-0.505262,0.329936,-0.325775
0.104287,0.160306,0.762524,-0.010699,-0.110476,0.072998,0.991137,-0.187819,0.111837,-0.008046,1.023574,-0.380173,-0.193299,0.158104,-0.612008,-0.388373,0.901226,0.299280,0.244958,-0.119303,0.036645,0.051742,-0.129881,1.299167,-0.007868,-0.247684,0.126181,0.277939,-0.472490,0.468673,0.113649,-0.380912,0.519059,-0.489789,0.297887,-0.366234
0.102443,0.165213,0.758172,-0.012579,-0.114311,0.063041,0.991363,-0.184038,0.116012,0.008489,1.046854,-0.404502,-0.185400,0.114874,-0.613813,-0.327321,0.941876,0.299976,0.244957,-0.136711,0.049026,0.072282,-0.115389,1.347303,-0.163659,-0.248344,0.143166,0.285046,-0.504053,0.439549,0.119915,-0.418624,0.437690,-0.464923,0.250145,-0.415531
0.100852,0.170059,0.755125,-0.012860,-0.118707,0.050204,0.991576,-0.172947,0.118536,0.030200,1.059871,-0.422200,-0.178812,0.088443,-0.625215,-0.293376,0.965903,0.294487,0.244941,-0.147093,0.057714,0.092226,-0.109977,1.335650,-0.312963,-0.234531,0.207319,0.278685,-0.505549,0.407589,0.137542,-0.450613,0.337131,-0.406321,0.192788,-0.478718
0.099270,0.174247,0.753519,-0.011743,-0.122750,0.036788,0.991686,-0.157933,0.121421,0.056829,1.061437,-0.433251,-0.173231,0.081403,-0.647089,-0.294289,0.972790,0.272346,0.244905,-0.151092,0.061223,0.108455,-0.114265,1.261913,-0.443712,-0.194213,0.275419,0.297137,-0.485268,0.368074,0.167377,-0.472974,0.226629,-0.307660,0.137095,-0.543014
0.097556,0.177303,0.753393,-0.008534,-0.125671,0.023988,0.991745,-0.139658,0.122884,0.086681,1.049315,-0.438957,-0.168634,0.079918,-0.666027,-0.300038,0.968889,0.249743,0.244927,-0.151250,0.058516,0.119979,-0.102278,1.145260,-0.528769,-0.141874,0.338746,0.323757,-0.415826,0.315515,0.186025,-0.475248,0.101151,-0.213021,0.097566,-0.608321
0.095667,0.178885,0.754717,-0.006185,-0.127145,0.014562,0.991758,-0.124839,0.124625,0.107786,1.032441,-0.437564,-0.167264,0.075856,-0.665398,-0.287146,0.956987,0.232987,0.244931,-0.147532,0.051729,0.127192,-0.065268,0.993252,-0.544048,-0.079956,0.389223,0.353063,-0.271410,0.274360,0.188592,-0.460793,-0.018554,-0.146401,0.057344,-0.653041
0.093551,0.179129,0.757576,-0.005066,-0.126044,0.009880,0.991962,-0.119331,0.123247,0.115264,1.013710,-0.423380,-0.166493,0.074259,-0.656789,-0.280286,0.938182,0.225383,0.244946,-0.135771,0.044098,0.129946,-0.001717,0.826979,-0.496203,-0.022655,0.414915,0.358224,-0.104915,0.245519,0.165321,-0.452139,-0.120844,-0.124135,0.006362,-0.647695
0.091224,0.178061,0.761897,-0.004268,-0.122715,0.008532,0.992396,-0.113273,0.118713,0.116154,0.978567,-0.403555,-0.163425,0.072295,-0.644928,-0.276592,0.915609,0.224152,0.244768,-0.115464,0.036031,0.127308,0.064604,0.645423,-0.412637,0.033050,0.445202,0.348731,0.040770,0.201352,0.102883,-0.444777,-0.205731,-0.176264,0.000417,-0.633989
0.088701,0.175245,0.767092,-0.003129,-0.118134,0.006780,0.992970,-0.099857,0.117518,0.120178,0.924370,-0.382252,-0.162377,0.059123,-0.619936,-0.243029,0.895128,0.218782,0.244120,-0.089428,0.026032,0.119447,0.146207,0.464892,-0.290376,0.064309,0.458870,0.315761,0.174826,0.150790,0.001398,-0.439861,-0.240279,-0.265301,0.017183,-0.574429
0.085988,0.170536,0.772252,-0.000558,-0.112190,0.002358,0.993684,-0.087577,0.118694,0.127096,0.867148,-0.352487,-0.171891,0.042479,-0.587971,-0.190896,0.872022,0.175649,0.224923,-0.056974,0.013189,0.106877,0.225864,0.286241,-0.164289,0.083080,0.470341,0.275839,0.268070,0.090075,-0.146768,-0.409763,-0.222572,-0.389652,0.066988,-0.470661
0.083138,0.163777,0.776501,0.003750,-0.105036,-0.005749,0.994445,-0.081817,0.119241,0.128761,0.815439,-0.310018,-0.195054,0.033812,-0.563803,-0.169817,0.836617,0.147563,0.224152,-0.015103,-0.002034,0.091863,0.291408,0.135466,-0.045544,0.099506,0.468805,0.223698,0.325485,0.052607,-0.326447,-0.340131,-0.172874,-0.549407,0.127070,-0.316852
0.080084,0.155089,0.777918,0.009147,-0.096533,-0.013985,0.995189,-0.082129,0.120074,0.128230,0.767111,-0.263602,-0.219817,0.035885,-0.547036,-0.185396,0.783063,0.152022,0.243804,0.033005,-0.018914,0.075606,0.336938,0.028770,0.049155,0.117314,0.475780,0.177972,0.349608,0.013737,-0.527115,-0.223623,-0.099944,-0.689891,0.174599,-0.118560
0.076855,0.144027,0.783402,0.013419,-0.087313,-0.019412,0.995901,-0.089332,0.126415,0.125894,0.726905,-0.222721,-0.236568,0.050558,-0.533362,-0.221877,0.721222,0.155536,0.244938,0.082287,-0.035751,0.060722,0.363185,-0.039499,0.117200,0.134207,0.479633,0.143045,0.363319,-0.021633,-0.727016,-0.068003,-0.030914,-0.778271,0.182429,0.093941
0.073271,0.130992,0.788309,0.015474,-0.078830,-0.017086,0.996622,-0.104973,0.137291,0.117755,0.697729,-0.186060,-0.241550,0.073921,-0.513837,-0.265563,0.668802,0.132243,0.244981,0.127210,-0.051246,0.049309,0.375488,-0.070418,0.151019,0.151248,0.496567,0.118159,0.377520,-0.048749,-0.897281,0.102619,0.019425,-0.803167,0.179781,0.262654
0.069560,0.115881,0.791283,0.013301,-0.072213,-0.002663,0.997297,-0.133862,0.153040,0.089500,0.684371,-0.151411,-0.243015,0.112200,-0.494963,-0.344924,0.633471,0.087002,0.244984,0.165314,-0.065804,0.042762,0.371208,-0.078746,0.160271,0.168213,0.524407,0.102581,0.391438,-0.082181,-1.041184,0.259195,0.047773,-0.765072,0.165942,0.398068
0.066138,0.099085,0.792748,0.008175,-0.067834,0.027854,0.997274,-0.174890,0.163413,0.029668,0.680584,-0.117468,-0.244071,0.168349,-0.470344,-0.455510,0.606997,0.047626,0.244980,0.191883,-0.079854,0.042259,0.355895,-0.080680,0.154190,0.188183,0.542445,0.089610,0.400289,-0.045882,-1.105746,0.354317,0.056243,-0.726959,0.173578,0.458970
0.063184,0.081767,0.793022,0.002548,-0.064432,0.071878,0.995327,-0.221275,0.160242,-0.053328,0.675089,-0.088178,-0.244588,0.233850,-0.434545,-0.577767,0.581254,0.017513,0.244980,0.201398,-0.092758,0.047648,0.342408,-0.090728,0.139934,0.201198,0.551889,0.071193,0.409312,0.040903,-1.088502,0.364137,0.054712,-0.708943,0.207477,0.473333
0.060319,0.065169,0.791893,-0.002057,-0.062602,0.122382,0.990505,-0.262414,0.144380,-0.143498,0.666615,-0.079870,-0.244790,0.284146,-0.386809,-0.670896,0.567573,-0.002680,0.244993,0.193548,-0.102472,0.056518,0.341488,-0.108225,0.124596,0.202005,0.547143,0.055109,0.435953,0.153871,-0.972682,0.281559,0.040373,-0.726219,0.254138,0.440308
0.056990,0.050311,0.788935,-0.003745,-0.062255,0.173028,0.982940,-0.300223,0.116547,-0.227467,0.667559,-0.088431,-0.244894,0.312464,-0.338468,-0.728722,0.570867,-0.032014,0.245006,0.175341,-0.106277,0.067925,0.355273,-0.123421,0.100518,0.191251,0.534437,0.033281,0.455551,0.265353,-0.743774,0.118507,-0.007953,-0.740408,0.294019,0.319559
0.052784,0.038225,0.783718,0.000048,-0.062958,0.216663,0.974214,-0.332722,0.076008,-0.290612,0.680222,-0.103028,-0.244596,0.324293,-0.314004,-0.768392,0.601787,-0.090552,0.244997,0.155730,-0.104497,0.080975,0.385787,-0.133919,0.072463,0.163267,0.529548,0.019415,0.467048,0.333776,-0.415132,-0.063894,-0.073036,-0.660206,0.292711,0.116056
0.047587,0.029053,0.776608,0.008081,-0.064844,0.251451,0.965662,-0.359239,0.027282,-0.334552,0.704151,-0.116698,-0.244785,0.343596,-0.314321,-0.822804,0.634060,-0.180466,0.245000,0.141901,-0.100371,0.092401,0.421162,-0.138819,0.050675,0.128338,0.530299,0.008793,0.481212,0.354857,-0.119427,-0.195059,-0.140117,-0.538744,0.254375,-0.086561
0.040971,0.022617,0.768627,0.018576,-0.067371,0.273834,0.959235,-0.382114,-0.024706,-0.360697,0.739315,-0.123957,-0.244980,0.372705,-0.334841,-0.895711,0.654808,-0.291566,0.245012,0.138442,-0.096887,0.102045,0.450303,-0.143101,0.050736,0.101774,0.529635,-0.005101,0.490140,0.334439,0.011425,-0.204888,-0.162776,-0.488428,0.214285,-0.315816
0.033324,0.018113,0.761054,0.031616,-0.070512,0.286014,0.955104,-0.398520,-0.076223,-0.370855,0.775713,-0.123813,-0.244999,0.404586,-0.363103,-0.963149,0.659540,-0.400343,0.245030,0.147288,-0.094556,0.112384,0.497142,-0.137700,0.048293,0.066838,0.519623,-0.020612,0.492217,0.251180,-0.003296,-0.117034,-0.125045,-0.512801,0.233549,-0.439049
0.025156,0.014555,0.754503,0.048175,-0.073312,0.291203,0.952631,-0.409789,-0.122485,-0.361868,0.801962,-0.112733,-0.245655,0.430124,-0.398552,-1.010220,0.658865,-0.495060,0.245676,0.166084,-0.092170,0.124056,0.522721,-0.138794,0.057469,0.052957,0.501750,-0.025670,0.473641,0.133610,-0.107685,0.004726,-0.050798,-0.568761,0.277157,-0.375001
0.017659,0.012572,0.741945,0.065097,-0.078119,0.293524,0.950528,-0.413891,-0.159134,-0.344924,0.811094,-0.093037,-0.261730,0.440989,-0.439980,-1.023598,0.677644,-0.554538,0.261733,0.187228,-0.089517,0.136710,0.534182,-0.140504,0.070611,0.050620,0.484127,-0.020255,0.438849,-0.010102,-0.233016,0.108170,0.045788,-0.659905,0.348136,-0.283623
0.013174,0.008373,0.741424,0.080061,-0.082789,0.297102,0.947875,-0.398199,-0.184707,-0.327578,0.791639,-0.057609,-0.248344,0.445272,-0.485048,-1.024014,0.721152,-0.572145,0.248360,0.207163,-0.087689,0.147621,0.538567,-0.142398,0.086643,0.049168,0.485972,-0.024958,0.418193,-0.112419,-0.348474,0.209060,0.125246,-0.771322,0.372122,-0.172745
0.009909,0.003474,0.742279,0.092995,-0.087300,0.304130,0.944053,-0.377080,-0.202516,-0.315426,0.752652,-0.022862,-0.247808,0.463657,-0.511778,-1.045880,0.737089,-0.578768,0.247815,0.225858,-0.088156,0.153575,0.539237,-0.138780,0.098861,0.055813,0.493250,-0.024802,0.404222,-0.206956,-0.452585,0.333526,0.226500,-0.861337,0.379654,0.018076
0.008413,-0.001689,0.744756,0.103723,-0.091810,0.316589,0.938394,-0.353580,-0.219773,-0.312221,0.707294,0.021716,-0.247789,0.497505,-0.513114,-1.081566,0.718481,-0.572863,0.247790,0.241354,-0.091531,0.154285,0.531784,-0.121369,0.098145,0.066515,0.500159,-0.012368,0.373639,-0.276208,-0.541834,0.486358,0.317387,-0.935215,0.336176,0.238651
0.008316,-0.006777,0.748031,0.112617,-0.095489,0.335563,0.930374,-0.334986,-0.244155,-0.321555,0.668679,0.075548,-0.247787,0.542026,-0.496963,-1.134093,0.679862,-0.555829,0.247785,0.255178,-0.097077,0.149897,0.513848,-0.089123,0.086031,0.072017,0.506803,0.005269,0.334265,-0.296582,-0.602879,0.614000,0.367690,-0.993420,0.268222,0.430981
0.009209,-0.011521,0.750825,0.118085,-0.099124,0.361844,0.919402,-0.323575,-0.271709,-0.341327,0.643428,0.124991,-0.247782,0.593105,-0.463906,-1.202492,0.632368,-0.531448,0.247781,0.266667,-0.104119,0.140399,0.490662,-0.049171,0.070898,0.066843,0.520414,0.015923,0.310232,-0.239295,-0.605682,0.617354,0.361974,-0.980672,0.245013,0.541319
0.010817,-0.015810,0.752385,0.121296,-0.101590,0.388566,0.907735,-0.316070,-0.294583,-0.363993,0.626242,0.153605,-0.247789,0.638547,-0.420769,-1.266381,0.580160,-0.509050,0.247797,0.271357,-0.111298,0.128025,0.472201,-0.018164,0.064139,0.050061,0.529216,0.011843,0.299736,-0.123705,-0.538636,0.483067,0.299892,-0.918231,0.282154,0.516163
0.012226,-0.019606,0.752312,0.124113,-0.101705,0.410207,0.897765,-0.317885,-0.314898,-0.381312,0.621919,0.168779,-0.247777,0.670186,-0.384129,-1.316046,0.537278,-0.500753,0.247688,0.267734,-0.116759,0.116014,0.439235,-0.012677,0.094814,0.050691,0.518344,-0.003292,0.294823,0.068072,-0.383560,0.242464,0.156758,-0.798075,0.293578,0.337750
0.012523,-0.022816,0.750460,0.126871,-0.102037,0.423851,0.890978,-0.329950,-0.336312,-0.392380,0.640537,0.172715,-0.247771,0.689587,-0.365475,-1.345708,0.520432,-0.509109,0.247567,0.256008,-0.120175,0.105947,0.456687,-0.037113,0.133372,0.016112,0.492612,-0.025402,0.308320,0.220922,-0.162570,0.021562,0.010762,-0.598252,0.242662,0.166256
0.011604,-0.025367,0.747033,0.131514,-0.104503,0.432212,0.885989,-0.344153,-0.361246,-0.393436,0.676880,0.163123,-0.247786,0.703734,-0.373413,-1.358597,0.544269,-0.530496,0.247666,0.240435,-0.120082,0.100309,0.498981,-0.082846,0.166922,-0.028047,0.446171,-0.054094,0.341924,0.292120,0.006185,-0.100002,-0.090950,-0.383751,0.170015,-0.004150
0.009696,-0.027645,0.742461,0.137221,-0.109334,0.436774,0.882295,-0.358469,-0.389775,-0.391358,0.725821,0.149213,-0.247767,0.712622,-0.399544,-1.358176,0.598603,-0.562041,0.246399,0.228181,-0.115399,0.100083,0.540434,-0.127418,0.182095,-0.056591,0.402526,-0.071401,0.375532,0.281274,0.038728,-0.130896,-0.145980,-0.302854,0.110492,-0.227593
0.007513,-0.029805,0.737619,0.142026,-0.116431,0.441254,0.878389,-0.367301,-0.415043,-0.390435,0.770854,0.141329,-0.247762,0.721056,-0.423975,-1.355312,0.656161,-0.592489,0.244148,0.222275,-0.108110,0.103215,0.593225,-0.154304,0.163312,-0.091902,0.350944,-0.085663,0.396214,0.189857,0.005732,-0.125477,-0.154836,-0.316339,0.112313,-0.319331
0.005596,-0.031937,0.733384,0.146096,-0.125802,0.444654,0.874707,-0.362757,-0.429155,-0.390696,0.797561,0.134852,-0.247763,0.733415,-0.440499,-1.353639,0.702574,-0.615629,0.243184,0.220686,-0.099842,0.108507,0.620751,-0.150628,0.132411,-0.103299,0.315479,-0.084094,0.394547,0.067797,-0.057010,-0.124172,-0.132231,-0.346143,0.147181,-0.323845
0.004201,-0.034152,0.730861,0.150910,-0.133576,0.445557,0.872274,-0.350880,-0.434972,-0.387688,0.803585,0.134786,-0.247769,0.743651,-0.454149,-1.350503,0.734005,-0.628180,0.242297,0.220607,-0.092188,0.115738,0.637504,-0.128517,0.099435,-0.097985,0.308219,-0.070637,0.370236,-0.064521,-0.180972,-0.082012,-0.057667,-0.485878,0.206678,-0.246564
0.003296,-0.036235,0.730294,0.155184,-0.139862,0.444232,0.871215,-0.331829,-0.435403,-0.386998,0.791578,0.141726,-0.247769,0.752593,-0.462069,-1.350192,0.747685,-0.631648,0.240641,0.222962,-0.086031,0.122543,0.650445,-0.107307,0.078010,-0.084535,0.324049,-0.073526,0.350615,-0.165881,-0.335484,0.031773,0.049743,-0.689717,0.247182,-0.049532
0.002954,-0.037978,0.731480,0.156753,-0.142755,0.444568,0.870292,-0.314554,-0.431932,-0.390864,0.767077,0.157710,-0.247767,0.757639,-0.461874,-1.357319,0.747028,-0.624813,0.240969,0.228926,-0.081349,0.126392,0.655202,-0.092784,0.069645,-0.066790,0.335896,-0.076671,0.348403,-0.273056,-0.455402,0.183911,0.169563,-0.830174,0.254114,0.189218
0.003366,-0.039605,0.733951,0.156451,-0.143386,0.448613,0.868165,-0.301173,-0.425412,-0.397167,0.735730,0.185762,-0.247773,0.762686,-0.451842,-1.374034,0.733429,-0.608773,0.242034,0.239463,-0.078501,0.124104,0.652624,-0.080951,0.066257,-0.050947,0.329818,-0.071017,0.347124,-0.343463,-0.531916,0.336841,0.255999,-0.885366,0.249068,0.357321
0.004929,-0.040636,0.737309,0.153380,-0.143693,0.455520,0.865060,-0.284555,-0.412035,-0.406895,0.699564,0.204691,-0.247776,0.770454,-0.423298,-1.393979,0.697096,-0.583085,0.244580,0.253144,-0.078699,0.116066,0.650894,-0.072417,0.073917,-0.051085,0.332981,-0.065331,0.340445,-0.353680,-0.575203,0.429144,0.280765,-0.903838,0.234674,0.429628
0.007554,-0.041228,0.741062,0.148625,-0.144321,0.459316,0.863777,-0.266182,-0.384207,-0.403009,0.663278,0.200624,-0.247773,0.777187,-0.379945,-1.405413,0.636702,-0.550021,0.246505,0.262168,-0.080533,0.105133,0.661142,-0.088702,0.106819,-0.071895,0.338689,-0.068907,0.354009,-0.303851,-0.557521,0.410427,0.242910,-0.885708,0.245479,0.395571
0.010261,-0.041613,0.743787,0.144235,-0.143178,0.456870,0.866006,-0.255886,-0.351781,-0.384151,0.635692,0.186088,-0.247769,0.774508,-0.349772,-1.400699,0.590188,-0.525040,0.247195,0.262918,-0.081492,0.095463,0.683776,-0.136664,0.153908,-0.103785,0.317218,-0.086627,0.384762,-0.202679,-0.454744,0.293007,0.154683,-0.794448,0.252218,0.248814
0.012536,-0.042016,0.744381,0.140068,-0.141182,0.448627,0.871311,-0.258076,-0.322009,-0.360226,0.630677,0.157967,-0.247776,0.764821,-0.337136,-1.384438,0.568773,-0.519414,0.247493,0.255591,-0.079633,0.089911,0.714996,-0.193950,0.194768,-0.134620,0.255312,-0.102803,0.417807,-0.084345,-0.284892,0.150762,0.056418,-0.620151,0.206286,0.074223
0.014141,-0.042451,0.742313,0.136825,-0.139546,0.435142,0.878895,-0.269333,-0.297696,-0.337173,0.650868,0.110375,-0.247763,0.749582,-0.343814,-1.355890,0.577725,-0.540694,0.246873,0.242453,-0.074456,0.090694,0.746214,-0.232046,0.214449,-0.159923,0.172892,-0.110386,0.445419,-0.005897,-0.124700,0.051284,-0.010277,-0.467370,0.141021,-0.084285
0.015140,-0.043211,0.738511,0.133808,-0.139305,0.416149,0.888544,-0.285937,-0.270345,-0.310282,0.688137,0.053749,-0.247757,0.726048,-0.365461,-1.310981,0.614293,-0.575244,0.245374,0.224563,-0.065980,0.098133,0.768236,-0.234539,0.215226,-0.171865,0.127910,-0.110344,0.472892,0.052846,-0.029698,0.004841,-0.053307,-0.498301,0.102943,-0.248802
0.015640,-0.044474,0.734000,0.128483,-0.141781,0.397019,0.897645,-0.307720,-0.235194,-0.282885,0.733299,0.015535,-0.247762,0.697865,-0.383725,-1.259711,0.661164,-0.608563,0.241431,0.202905,-0.056130,0.111487,0.759492,-0.201157,0.207464,-0.199647,0.133142,-0.075854,0.488265,0.083759,0.053847,-0.024335,-0.059351,-0.538516,0.080940,-0.395667
0.015951,-0.045595,0.729965,0.121599,-0.145477,0.378504,0.905972,-0.328909,-0.194969,-0.257310,0.775495,-0.003028,-0.247771,0.669720,-0.393932,-1.210609,0.701416,-0.635769,0.236151,0.179765,-0.046834,0.127124,0.747701,-0.159796,0.228761,-0.233501,0.148514,-0.053083,0.495271,0.082714,0.118660,-0.046647,-0.038212,-0.464944,0.073778,-0.470985
0.016351,-0.045741,0.727769,0.111763,-0.147955,0.361856,0.913607,-0.342206,-0.156334,-0.247322,0.801133,-0.015350,-0.247786,0.642625,-0.390469,-1.168531,0.720815,-0.649882,0.232550,0.159009,-0.038859,0.140309,0.712686,-0.130252,0.285862,-0.277998,0.152153,-0.046665,0.508117,0.064823,0.135916,-0.066153,-0.007816,-0.323777,0.113601,-0.447143
0.017037,-0.044794,0.728666,0.101006,-0.146453,0.346208,0.921135,-0.348183,-0.122677,-0.247903,0.803491,-0.016229,-0.247795,0.614652,-0.378449,-1.132869,0.715518,-0.646048,0.230979,0.142110,-0.033087,0.146738,0.654294,-0.109891,0.372120,-0.327756,0.139810,-0.041695,0.530401,0.043064,0.152629,-0.121323,-0.005038,-0.083465,0.153930,-0.459075
0.018077,-0.042327,0.732990,0.090830,-0.138888,0.330448,0.929120,-0.349153,-0.097796,-0.254693,0.781047,-0.002421,-0.247800,0.585003,-0.365007,-1.104895,0.686600,-0.623202,0.232442,0.128836,-0.030424,0.144609,0.580957,-0.094917,0.474117,-0.375996,0.118724,-0.044217,0.557812,0.030523,0.133586,-0.176837,-0.015271,0.115929,0.163100,-0.505157
0.019671,-0.038309,0.739734,0.080577,-0.126821,0.313483,0.937631,-0.345018,-0.076548,-0.266296,0.739708,0.018008,-0.247795,0.554187,-0.347465,-1.077910,0.635461,-0.585151,0.235602,0.117351,-0.031909,0.136076,0.499305,-0.078231,0.588710,-0.416986,0.099037,-0.051416,0.581332,0.035107,0.064488,-0.204205,-0.032964,0.157464,0.167289,-0.521821
0.021949,-0.032775,0.747380,0.072463,-0.111810,0.292212,0.947027,-0.334763,-0.056042,-0.276240,0.688076,0.035348,-0.247802,0.521548,-0.335925,-1.044566,0.576950,-0.539632,0.240098,0.105281,-0.034784,0.122303,0.445740,-0.048211,0.697084,-0.443672,0.079279,-0.058504,0.605198,0.044469,-0.009734,-0.216316,-0.040177,0.076181,0.160841,-0.537237
0.024974,-0.025721,0.754528,0.065578,-0.096201,0.266808,0.956691,-0.320532,-0.032421,-0.277767,0.638996,0.037268,-0.247807,0.487055,-0.330900,-1.002034,0.522981,-0.492074,0.244157,0.092005,-0.035448,0.105197,0.429406,0.014255,0.769221,-0.435520,0.086013,-0.041523,0.621848,0.061795,-0.092625,-0.201439,-0.036527,-0.063276,0.179168,-0.528530
0.028674,-0.017457,0.760643,0.059535,-0.081436,0.237830,0.966054,-0.305454,-0.003423,-0.260133,0.598579,0.027049,-0.247806,0.450560,-0.330905,-0.950531,0.478522,-0.447431,0.246420,0.078051,-0.032460,0.086292,0.473764,0.102644,0.812828,-0.398920,0.115903,-0.003911,0.576139,0.059053,-0.184556,-0.167133,-0.012318,-0.217867,0.206309,-0.489582
0.033265,-0.008174,0.765997,0.054442,-0.070626,0.206759,0.974320,-0.286650,0.031055,-0.220405,0.573312,0.003319,-0.247802,0.421125,-0.332752,-0.892880,0.444185,-0.409118,0.247373,0.065811,-0.025883,0.067772,0.547567,0.197154,0.826278,-0.352584,0.137742,0.046473,0.508414,0.047525,-0.286935,-0.111166,0.027605,-0.361568,0.219006,-0.435996
0.038653,0.002364,0.768172,0.050635,-0.064389,0.176476,0.980891,-0.266636,0.065479,-0.165019,0.569866,-0.039968,-0.247797,0.396709,-0.342200,-0.833821,0.428586,-0.385860,0.247693,0.057631,-0.017514,0.051689,0.633084,0.294643,0.809878,-0.308868,0.162190,0.090078,0.433206,0.034665,-0.398597,-0.039082,0.073787,-0.494160,0.222443,-0.382054
0.044833,0.013708,0.767838,0.047669,-0.062761,0.148493,0.985768,-0.246763,0.099507,-0.101533,0.588201,-0.098769,-0.247804,0.379210,-0.357459,-0.777764,0.431066,-0.376866,0.247795,0.052696,-0.007300,0.039345,0.709389,0.380126,0.772751,-0.274644,0.193297,0.115150,0.360869,0.023485,-0.501031,0.039734,0.113331,-0.588723,0.214884,-0.339165
0.051692,0.025522,0.766366,0.046387,-0.065334,0.122994,0.989167,-0.222100,0.127197,-0.041330,0.615263,-0.153775,-0.247799,0.368873,-0.378578,-0.725494,0.446115,-0.371905,0.247807,0.050481,0.003852,0.030360,0.758742,0.441129,0.716285,-0.252366,0.227630,0.127711,0.312468,0.021692,-0.590338,0.117910,0.135945,-0.646790,0.197634,-0.303566
0.058888,0.037679,0.764471,0.047654,-0.072073,0.100133,0.991215,-0.191831,0.140544,0.006482,0.646991,-0.199747,-0.247770,0.363467,-0.408627,-0.675667,0.475738,-0.366055,0.247806,0.049691,0.014337,0.023282,0.769393,0.469464,0.645127,-0.242289,0.256060,0.119332,0.290408,0.034027,-0.655359,0.180280,0.132505,-0.664944,0.179761,-0.280632
0.066201,0.049724,0.762460,0.050156,-0.081762,0.080604,0.992120,-0.155905,0.144046,0.045057,0.675483,-0.238636,-0.247630,0.362270,-0.442822,-0.630594,0.512534,-0.353561,0.247788,0.049578,0.022738,0.016257,0.744819,0.466084,0.570811,-0.237505,0.301358,0.107554,0.274742,0.065466,-0.687643,0.220261,0.109134,-0.655049,0.163867,-0.284835
0.073331,0.061157,0.760026,0.051861,-0.091833,0.062836,0.992436,-0.118145,0.147321,0.082247,0.699176,-0.278895,-0.246991,0.360875,-0.475473,-0.589287,0.549595,-0.338023,0.247786,0.049677,0.029618,0.009730,0.685478,0.419796,0.505853,-0.233177,0.354079,0.090792,0.267091,0.127211,-0.675643,0.228214,0.065808,-0.621521,0.143752,-0.307090
0.079772,0.071659,0.756979,0.052915,-0.100237,0.044512,0.992558,-0.083574,0.152318,0.123863,0.720363,-0.319747,-0.243760,0.352580,-0.506266,-0.549688,0.586331,-0.328389,0.247782,0.049680,0.034586,0.005081,0.609042,0.323177,0.466972,-0.234906,0.404718,0.064574,0.284325,0.192783,-0.624500,0.215381,0.014592,-0.581554,0.122446,-0.322962
0.085333,0.081230,0.753312,0.053302,-0.106350,0.026510,0.992545,-0.057384,0.156808,0.165433,0.744220,-0.358630,-0.235412,0.337037,-0.534166,-0.510977,0.622209,-0.325729,0.247792,0.050126,0.036713,0.002665,0.527774,0.186420,0.450289,-0.242602,0.421280,0.032157,0.317442,0.250336,-0.530947,0.186369,-0.031252,-0.537745,0.126034,-0.350167
0.089905,0.089613,0.748864,0.052492,-0.110547,0.010406,0.992429,-0.045840,0.162231,0.198441,0.781387,-0.395578,-0.223954,0.315363,-0.554646,-0.468735,0.658539,-0.331477,0.247777,0.051091,0.036190,0.002464,0.462728,0.035866,0.450775,-0.244373,0.392818,-0.017826,0.342439,0.316780,-0.393144,0.140474,-0.079849,-0.479225,0.132078,-0.389721
0.093561,0.096819,0.743892,0.050214,-0.113137,-0.004541,0.992299,-0.043814,0.170791,0.223633,0.824920,-0.433787,-0.213838,0.287738,-0.565968,-0.420390,0.694113,-0.342587,0.247789,0.052058,0.033995,0.004561,0.399515,-0.075896,0.439988,-0.246522,0.359342,-0.045401,0.352383,0.381666,-0.213595,0.095562,-0.128342,-0.388346,0.127733,-0.427205
0.096738,0.103075,0.739211,0.047590,-0.113692,-0.020013,0.992174,-0.041842,0.180596,0.249951,0.857376,-0.468133,-0.203728,0.250276,-0.570534,-0.360763,0.731431,-0.343188,0.247779,0.050176,0.032274,0.008933,0.344273,-0.144054,0.419408,-0.263999,0.315515,-0.068068,0.356938,0.430394,-0.030540,0.063701,-0.171123,-0.262021,0.106865,-0.467168
0.099377,0.108894,0.733752,0.044892,-0.113278,-0.035560,0.991911,-0.036566,0.189754,0.282140,0.870371,-0.494591,-0.192253,0.205560,-0.573151,-0.295083,0.771567,-0.327918,0.247749,0.044639,0.032148,0.013447,0.293055,-0.175459,0.387787,-0.293817,0.231734,-0.071758,0.360419,0.450432,0.094597,0.061747,-0.190479,-0.109155,0.089868,-0.516786
0.101606,0.114553,0.733624,0.042167,-0.111606,-0.050870,0.991553,-0.020934,0.195466,0.316559,0.860470,-0.508778,-0.179981,0.141090,-0.571262,-0.212401,0.824099,-0.272983,0.247752,0.035685,0.033788,0.017734,0.240479,-0.173472,0.358544,-0.332990,0.102277,-0.056549,0.366513,0.433898,0.123967,0.096512,-0.173834,0.031981,0.110813,-0.531396
0.103476,0.119818,0.737612,0.038671,-0.108814,-0.067852,0.990990,0.005313,0.197756,0.354669,0.822261,-0.504105,-0.168653,0.061572,-0.554745,-0.116088,0.875263,-0.176118,0.247764,0.027179,0.038116,0.021337,0.199003,-0.112235,0.332997,-0.370094,0.010629,-0.021720,0.364608,0.384401,0.068379,0.162142,-0.127784,0.110468,0.170676,-0.475743
0.105096,0.123936,0.745659,0.033804,-0.105372,-0.088369,0.989922,0.041434,0.199751,0.395988,0.760773,-0.473023,-0.163447,-0.009642,-0.520770,-0.031707,0.900118,-0.065522,0.247767,0.025189,0.045524,0.023070,0.181993,0.031317,0.294744,-0.389880,0.077303,0.020328,0.317241,0.315829,-0.033232,0.256647,-0.054833,0.080544,0.228415,-0.397560
0.106556,0.126629,0.759080,0.025542,-0.099759,-0.109004,0.988693,0.074201,0.209564,0.433980,0.697261,-0.418686,-0.168199,-0.057144,-0.474033,0.030505,0.888365,0.021620,0.247785,0.028681,0.055320,0.022375,0.168499,0.218734,0.222585,-0.373881,0.230411,0.058181,0.215089,0.235641,-0.165763,0.394111,0.049859,-0.145923,0.259767,-0.327403
0.107017,0.127505,0.769091,0.018448,-0.092008,-0.129846,0.987084,0.087193,0.224801,0.460258,0.654040,-0.353273,-0.184618,-0.094436,-0.434156,0.080339,0.861553,0.024704,0.247797,0.033718,0.063114,0.021959,0.157358,0.412008,0.098235,-0.337236,0.300498,0.091244,0.062514,0.149240,-0.276221,0.555566,0.180145,-0.502860,0.277612,-0.241008
0.106955,0.127087,0.777069,0.011772,-0.083898,-0.146842,0.985525,0.084107,0.241726,0.465440,0.631118,-0.289150,-0.204839,-0.119503,-0.417246,0.076375,0.802804,-0.030227,0.247805,0.040554,0.066021,0.022713,0.145977,0.613407,-0.066845,-0.300152,0.264415,0.128294,-0.096985,0.099211,-0.316595,0.663010,0.300833,-0.827932,0.295527,-0.099460
0.106992,0.126119,0.783067,0.006259,-0.076883,-0.160900,0.983952,0.078901,0.256312,0.466472,0.617351,-0.239540,-0.220780,-0.133389,-0.409649,0.037490,0.705210,-0.034095,0.247814,0.045243,0.065747,0.024991,0.125951,0.845169,-0.250573,-0.285133,0.253138,0.141503,-0.209087,0.114682,-0.275621,0.646641,0.359650,-0.968462,0.322356,0.074084
